,waste,wst_oper,unit,countryID,y2018,y2017,y2016,y2015,y2014,y2013,y2012,y2011,y2010,y2009,y2008,y2007,y2006,y2005,sum_year
1540,EE_CPV_CON,COL,KG_HAB,AT,,1.59,1.72,,,,,,,,,,,,3.31
1541,EE_CPV_CON,COL,KG_HAB,BE,,1.85,1.99,,,,,,,,,,,,3.84
1542,EE_CPV_CON,COL,KG_HAB,CY,,,0.0,0.0,,,,,,,,,,,0.0
1543,EE_CPV_CON,COL,KG_HAB,CZ,,1.45,1.46,1.31,,,,,,,,,,,4.22
1544,EE_CPV_CON,COL,KG_HAB,DE,,1.63,1.58,,,,,,,,,,,,3.21
1545,EE_CPV_CON,COL,KG_HAB,DK,,1.86,2.21,2.82,,,,,,,,,,,6.89
1546,EE_CPV_CON,COL,KG_HAB,GR,,0.7,0.69,0.72,,,,,,,,,,,2.11
1547,EE_CPV_CON,COL,KG_HAB,ES,,0.74,0.81,,,,,,,,,,,,1.55
1548,EE_CPV_CON,COL,KG_HAB,FR,,1.37,1.78,1.52,,,,,,,,,,,4.67
1549,EE_CPV_CON,COL,KG_HAB,IS,,1.71,1.68,2.14,,,,,,,,,,,5.53
1550,EE_CPV_CON,COL,KG_HAB,LI,,1.28,1.47,,,,,,,,,,,,2.75
1551,EE_CPV_CON,COL,KG_HAB,MT,,0.0,0.0,,,,,,,,,,,,0.0
1552,EE_CPV_CON,COL,KG_HAB,NL,,1.35,1.47,1.56,,,,,,,,,,,4.380000000000001
1553,EE_CPV_CON,COL,KG_HAB,PT,,0.0,,,,,,,,,,,,,0.0
1554,EE_CPV_CON,COL,KG_HAB,RO,,,0.36,0.27,,,,,,,,,,,0.63
1555,EE_CPV_CON,COL,KG_HAB,SK,,0.81,0.76,,,,,,,,,,,,1.57
1556,EE_CPV_CON,COL,KG_HAB,GB,,0.64,0.69,0.65,,,,,,,,,,,1.98
1643,EE_CPV_CON,MKT,KG_HAB,AT,,1.87,1.72,,,,,,,,,,,,3.59
1644,EE_CPV_CON,MKT,KG_HAB,BE,,1.6,1.62,,,,,,,,,,,,3.22
1645,EE_CPV_CON,MKT,KG_HAB,CY,,,,0.0,,,,,,,,,,,0.0
1646,EE_CPV_CON,MKT,KG_HAB,CZ,,1.21,1.21,1.71,,,,,,,,,,,4.13
1647,EE_CPV_CON,MKT,KG_HAB,DE,,1.89,1.64,,,,,,,,,,,,3.53
1648,EE_CPV_CON,MKT,KG_HAB,DK,,1.91,1.89,2.03,,,,,,,,,,,5.83
1649,EE_CPV_CON,MKT,KG_HAB,GR,,0.69,0.66,0.58,,,,,,,,,,,1.93
1650,EE_CPV_CON,MKT,KG_HAB,ES,,0.96,0.94,,,,,,,,,,,,1.9
1651,EE_CPV_CON,MKT,KG_HAB,FR,,1.25,1.45,1.35,,,,,,,,,,,4.05
1652,EE_CPV_CON,MKT,KG_HAB,IS,,3.51,2.95,2.89,,,,,,,,,,,9.35
1653,EE_CPV_CON,MKT,KG_HAB,LI,,1.28,1.47,,,,,,,,,,,,2.75
1654,EE_CPV_CON,MKT,KG_HAB,MT,,0.0,0.0,,,,,,,,,,,,0.0
1655,EE_CPV_CON,MKT,KG_HAB,NL,,1.33,1.34,1.32,,,,,,,,,,,3.99
1656,EE_CPV_CON,MKT,KG_HAB,PT,,0.0,,,,,,,,,,,,,0.0
1657,EE_CPV_CON,MKT,KG_HAB,RO,,,0.88,0.77,,,,,,,,,,,1.65
1658,EE_CPV_CON,MKT,KG_HAB,SK,,1.04,1.14,,,,,,,,,,,,2.1799999999999997
1659,EE_CPV_CON,MKT,KG_HAB,GB,,0.83,0.96,1.76,,,,,,,,,,,3.55
1678,EE_CPV_CON,RCV,KG_HAB,AT,,1.51,1.6,,,,,,,,,,,,3.1100000000000003
1679,EE_CPV_CON,RCV,KG_HAB,BE,,1.62,1.73,,,,,,,,,,,,3.35
1680,EE_CPV_CON,RCV,KG_HAB,CY,,,,0.0,,,,,,,,,,,0.0
1681,EE_CPV_CON,RCV,KG_HAB,CZ,,1.34,1.37,1.12,,,,,,,,,,,3.83
1682,EE_CPV_CON,RCV,KG_HAB,DE,,1.58,1.53,,,,,,,,,,,,3.1100000000000003
1683,EE_CPV_CON,RCV,KG_HAB,DK,,1.84,2.13,2.8,,,,,,,,,,,6.77
1684,EE_CPV_CON,RCV,KG_HAB,GR,,0.51,0.65,0.7,,,,,,,,,,,1.86
1685,EE_CPV_CON,RCV,KG_HAB,ES,,0.64,0.78,,,,,,,,,,,,1.42
1686,EE_CPV_CON,RCV,KG_HAB,FR,,1.22,1.59,1.37,,,,,,,,,,,4.18
1687,EE_CPV_CON,RCV,KG_HAB,IS,,1.54,0.82,,,,,,,,,,,,2.36
1688,EE_CPV_CON,RCV,KG_HAB,LI,,0.94,1.07,,,,,,,,,,,,2.01
1689,EE_CPV_CON,RCV,KG_HAB,NL,,1.19,1.42,1.51,,,,,,,,,,,4.119999999999999
1690,EE_CPV_CON,RCV,KG_HAB,PT,,0.0,,,,,,,,,,,,,0.0
1691,EE_CPV_CON,RCV,KG_HAB,RO,,,0.31,0.23,,,,,,,,,,,0.54
1692,EE_CPV_CON,RCV,KG_HAB,SK,,0.72,0.69,,,,,,,,,,,,1.41
1693,EE_CPV_CON,RCV,KG_HAB,GB,,0.55,0.59,0.53,,,,,,,,,,,1.6700000000000002
1727,EE_CPV_CON,RCY_REU,KG_HAB,AT,,1.23,1.42,,,,,,,,,,,,2.65
1728,EE_CPV_CON,RCY_REU,KG_HAB,BE,,1.45,1.57,,,,,,,,,,,,3.02
1729,EE_CPV_CON,RCY_REU,KG_HAB,CY,,,,0.0,,,,,,,,,,,0.0
1730,EE_CPV_CON,RCY_REU,KG_HAB,CZ,,1.32,1.34,1.09,,,,,,,,,,,3.75
1731,EE_CPV_CON,RCY_REU,KG_HAB,DE,,1.44,1.37,,,,,,,,,,,,2.81
1732,EE_CPV_CON,RCY_REU,KG_HAB,DK,,1.76,2.04,2.64,,,,,,,,,,,6.4399999999999995
1733,EE_CPV_CON,RCY_REU,KG_HAB,GR,,0.47,0.64,0.7,,,,,,,,,,,1.8099999999999998
1734,EE_CPV_CON,RCY_REU,KG_HAB,ES,,0.63,0.75,,,,,,,,,,,,1.38
1735,EE_CPV_CON,RCY_REU,KG_HAB,FR,,1.13,1.49,1.27,,,,,,,,,,,3.8899999999999997
1736,EE_CPV_CON,RCY_REU,KG_HAB,IS,,1.54,0.82,,,,,,,,,,,,2.36
1737,EE_CPV_CON,RCY_REU,KG_HAB,LI,,0.94,1.07,,,,,,,,,,,,2.01
1738,EE_CPV_CON,RCY_REU,KG_HAB,NL,,1.04,1.18,1.29,,,,,,,,,,,3.51
1739,EE_CPV_CON,RCY_REU,KG_HAB,PT,,0.0,,,,,,,,,,,,,0.0
1740,EE_CPV_CON,RCY_REU,KG_HAB,RO,,,0.27,0.19,,,,,,,,,,,0.46
1741,EE_CPV_CON,RCY_REU,KG_HAB,SK,,0.71,0.68,,,,,,,,,,,,1.3900000000000001
1742,EE_CPV_CON,RCY_REU,KG_HAB,GB,,0.52,0.55,0.52,,,,,,,,,,,1.59
1776,EE_CPV_CON,REU,KG_HAB,AT,,0.03,0.05,,,,,,,,,,,,0.08
1777,EE_CPV_CON,REU,KG_HAB,CY,,0.0,,0.0,,,,,,,,,,,0.0
1778,EE_CPV_CON,REU,KG_HAB,DE,,0.07,0.02,,,,,,,,,,,,0.09000000000000001
1779,EE_CPV_CON,REU,KG_HAB,DK,,0.02,0.01,0.01,,,,,,,,,,,0.04
1780,EE_CPV_CON,REU,KG_HAB,EE,,,,0.0,,,,,,,,,,,0.0
1781,EE_CPV_CON,REU,KG_HAB,FR,,0.01,0.01,0.02,,,,,,,,,,,0.04
1782,EE_CPV_CON,REU,KG_HAB,IS,,0.0,,0.0,,,,,,,,,,,0.0
1783,EE_CPV_CON,REU,KG_HAB,NL,,,0.0,0.0,,,,,,,,,,,0.0
1784,EE_CPV_CON,REU,KG_HAB,PT,,0.0,,,,,,,,,,,,,0.0
1785,EE_CPV_CON,REU,KG_HAB,GB,,0.03,0.03,0.04,,,,,,,,,,,0.1
3082,EE_ITT,COL,KG_HAB,AT,,2.24,2.17,2.12,2.11,2.06,2.09,1.98,1.95,1.88,1.84,1.59,1.37,0.38,23.779999999999998
3083,EE_ITT,COL,KG_HAB,BE,,1.9,1.94,1.41,1.64,1.66,1.74,1.88,1.71,1.62,1.52,1.35,1.15,1.02,20.54
3084,EE_ITT,COL,KG_HAB,BG,,0.36,0.49,0.58,0.35,0.39,0.43,0.32,0.39,0.28,0.61,0.51,,,4.71
3085,EE_ITT,COL,KG_HAB,CY,,0.57,0.81,0.37,0.58,0.55,0.61,0.61,0.66,0.32,0.37,0.17,1.14,0.36,7.12
3086,EE_ITT,COL,KG_HAB,CZ,,1.32,1.29,1.18,0.84,0.83,0.96,0.94,1.13,1.18,0.94,0.71,,,11.319999999999997
3087,EE_ITT,COL,KG_HAB,DE,,1.52,1.39,1.51,1.78,1.95,1.99,2.16,2.66,1.98,1.89,1.43,1.24,,21.5
3088,EE_ITT,COL,KG_HAB,DK,,1.82,1.84,2.19,2.06,2.28,2.42,2.61,3.3,2.65,3.0,3.12,2.09,,29.38
3089,EE_ITT,COL,KG_HAB,EE,,0.81,0.96,1.12,0.89,0.86,1.11,1.06,0.85,0.79,0.73,0.65,0.51,,10.34
3090,EE_ITT,COL,KG_HAB,GR,,0.51,0.49,0.47,0.48,0.42,0.46,0.57,0.65,0.75,0.54,0.27,0.09,0.04,5.739999999999999
3091,EE_ITT,COL,KG_HAB,ES,,0.53,0.49,0.41,0.43,0.5,0.44,0.49,0.56,0.34,0.37,0.32,0.06,,4.94
3092,EE_ITT,COL,KG_HAB,EU27_2020,,1.23,1.15,1.08,1.11,1.06,1.08,1.14,,,,,,,7.85
3093,EE_ITT,COL,KG_HAB,EU28,,1.32,1.31,1.26,1.22,1.2,1.29,1.36,,,,,,,8.96
3094,EE_ITT,COL,KG_HAB,FI,,2.12,1.73,1.71,1.72,1.51,1.41,1.48,1.5,2.06,2.19,1.96,1.33,0.54,21.259999999999998
3095,EE_ITT,COL,KG_HAB,FR,,1.46,1.41,1.17,1.02,0.98,1.01,1.07,0.98,1.05,0.74,0.45,0.13,,11.470000000000002
3096,EE_ITT,COL,KG_HAB,HR,,1.17,1.3,0.84,0.64,0.62,0.69,0.77,,,,,,,6.029999999999999
3097,EE_ITT,COL,KG_HAB,HU,,1.1,0.99,0.9,0.91,0.97,0.9,0.39,0.5,0.6,0.57,0.35,0.24,0.12,8.54
3098,EE_ITT,COL,KG_HAB,IE,,1.41,1.67,1.52,1.38,1.56,1.48,1.3,0.95,1.17,2.14,2.54,,,17.12
3099,EE_ITT,COL,KG_HAB,IS,,1.71,1.62,2.1,2.18,1.9,2.47,1.91,1.43,1.05,,,,,16.37
3100,EE_ITT,COL,KG_HAB,IT,,,,0.98,0.98,0.54,0.6,0.69,0.65,0.66,0.61,0.34,,,6.050000000000001
3101,EE_ITT,COL,KG_HAB,LI,,1.72,1.91,1.97,1.56,2.11,1.18,1.31,0.0,0.0,,,,,11.76
3102,EE_ITT,COL,KG_HAB,LT,,0.61,0.65,0.74,1.07,1.12,0.62,0.51,0.37,0.22,0.44,0.49,0.33,0.09,7.260000000000001
3103,EE_ITT,COL,KG_HAB,LU,,1.15,1.39,1.32,1.22,1.39,1.44,1.79,1.8,1.67,1.69,1.78,1.21,,17.85
3104,EE_ITT,COL,KG_HAB,LV,,0.44,0.26,0.28,0.27,0.23,0.25,0.24,0.27,0.23,0.39,0.36,,,3.22
3105,EE_ITT,COL,KG_HAB,MT,,1.06,0.85,0.97,0.76,0.98,0.79,0.56,0.25,0.27,0.08,0.12,0.21,0.07,6.970000000000001
3106,EE_ITT,COL,KG_HAB,NL,,1.68,1.66,1.7,1.76,0.86,1.05,1.16,1.24,1.37,1.4,1.28,1.13,1.03,17.32
3107,EE_ITT,COL,KG_HAB,NO,,2.53,2.77,2.82,2.81,2.79,3.32,3.62,3.37,4.11,4.51,4.33,3.96,3.44,44.379999999999995
3108,EE_ITT,COL,KG_HAB,PL,,0.88,0.83,0.64,0.68,0.81,0.71,0.64,0.48,0.4,0.39,0.23,0.08,,6.7700000000000005
3109,EE_ITT,COL,KG_HAB,PT,,0.87,0.91,0.81,1.08,0.68,0.67,0.8,0.69,1.16,1.13,0.31,0.11,,9.22
3110,EE_ITT,COL,KG_HAB,RO,,,0.29,0.35,0.24,0.24,0.25,0.27,0.32,0.45,0.3,0.06,0.01,,2.78
3111,EE_ITT,COL,KG_HAB,SE,,2.06,2.65,2.41,2.48,3.22,3.41,3.64,3.39,3.3,3.21,3.26,2.77,1.05,36.85
3112,EE_ITT,COL,KG_HAB,SI,,0.98,1.29,1.09,1.09,0.73,0.87,0.98,1.39,0.9,0.91,0.61,,,10.84
3113,EE_ITT,COL,KG_HAB,SK,,0.8,0.74,0.57,0.5,0.67,0.52,0.54,0.6,0.49,0.47,0.39,0.16,0.05,6.499999999999999
3114,EE_ITT,COL,KG_HAB,GB,,1.94,2.43,2.46,1.97,2.15,2.73,2.88,2.64,2.48,2.14,0.91,,,24.730000000000004
3278,EE_ITT,MKT,KG_HAB,AT,,3.89,3.96,3.63,3.33,3.14,3.32,3.36,3.43,3.32,3.6,3.56,3.26,1.39,43.190000000000005
3279,EE_ITT,MKT,KG_HAB,BE,,2.4,2.33,2.02,2.01,3.67,6.54,6.61,6.1,6.66,7.24,5.86,6.03,3.12,60.59
3280,EE_ITT,MKT,KG_HAB,BG,,0.52,0.55,0.56,0.57,0.48,0.44,0.42,0.45,0.44,0.09,0.2,,,4.720000000000001
3281,EE_ITT,MKT,KG_HAB,CY,,1.11,0.86,0.95,0.92,0.93,1.5,2.05,2.35,2.92,1.6,1.55,0.63,2.43,19.799999999999997
3282,EE_ITT,MKT,KG_HAB,CZ,,2.16,2.34,2.94,4.15,4.69,3.69,4.18,3.25,4.35,5.12,5.31,,,42.18
3283,EE_ITT,MKT,KG_HAB,DE,,2.97,2.94,2.8,3.04,2.89,3.09,3.36,3.49,3.77,3.9,3.67,3.82,,39.74
3284,EE_ITT,MKT,KG_HAB,DK,,3.74,3.63,3.36,5.25,3.56,4.05,4.53,4.9,4.41,4.74,5.45,4.75,,52.37000000000001
3285,EE_ITT,MKT,KG_HAB,EE,,0.98,1.0,1.03,1.18,1.17,1.31,1.44,1.0,0.73,1.81,2.21,1.86,,15.719999999999999
3286,EE_ITT,MKT,KG_HAB,GR,,0.89,0.94,1.09,1.29,1.02,1.31,1.41,1.84,2.25,1.75,1.76,1.4,1.19,18.14
3287,EE_ITT,MKT,KG_HAB,ES,,1.22,1.19,1.44,1.41,1.43,1.31,1.58,1.79,1.8,1.98,2.73,0.91,,18.790000000000003
3288,EE_ITT,MKT,KG_HAB,EU27_2020,,2.06,2.03,1.99,2.13,2.09,2.26,2.53,,,,,,,15.089999999999998
3289,EE_ITT,MKT,KG_HAB,EU28,,2.25,2.26,2.24,2.37,2.33,2.53,2.81,,,,,,,16.79
3290,EE_ITT,MKT,KG_HAB,FI,,2.68,3.16,3.02,2.98,3.32,3.13,4.01,3.84,4.05,5.84,4.63,3.49,1.63,45.78000000000001
3291,EE_ITT,MKT,KG_HAB,FR,,2.3,2.35,2.12,2.26,2.38,2.76,3.08,3.11,2.88,3.41,3.62,3.21,,33.48
3292,EE_ITT,MKT,KG_HAB,HR,,1.21,1.18,1.1,1.05,1.1,1.06,1.24,,,,,,,7.94
3293,EE_ITT,MKT,KG_HAB,HU,,1.2,1.11,1.18,1.16,1.09,1.07,1.23,1.14,1.34,1.67,1.18,1.1,1.23,15.7
3294,EE_ITT,MKT,KG_HAB,IE,,3.23,2.52,2.71,4.13,3.12,3.38,4.85,4.01,3.1,4.51,5.64,,,41.2
3295,EE_ITT,MKT,KG_HAB,IS,,4.99,1.62,4.36,4.53,3.99,3.57,3.77,3.36,2.7,,,,,32.89
3296,EE_ITT,MKT,KG_HAB,IT,,,,1.5,1.5,1.41,1.57,1.76,1.86,1.79,2.51,2.19,,,16.09
3297,EE_ITT,MKT,KG_HAB,LI,,1.72,1.91,1.97,1.56,2.11,1.18,1.31,,,,,,,11.76
3298,EE_ITT,MKT,KG_HAB,LT,,1.22,1.2,1.22,1.07,1.12,1.17,1.01,0.92,0.78,1.58,1.85,1.68,1.65,16.47
3299,EE_ITT,MKT,KG_HAB,LU,,3.22,3.37,4.14,4.63,4.54,4.74,8.86,8.8,5.07,5.11,4.53,2.54,1.21,60.76
3300,EE_ITT,MKT,KG_HAB,LV,,1.04,1.05,1.08,1.0,1.01,1.05,1.01,1.01,0.79,1.63,1.94,,,12.609999999999998
3301,EE_ITT,MKT,KG_HAB,MT,,2.3,1.99,1.8,1.88,1.96,1.8,1.86,1.94,1.92,2.24,2.13,1.67,2.15,25.639999999999993
3302,EE_ITT,MKT,KG_HAB,NL,,3.0,3.14,3.04,3.44,2.97,3.16,,,,,,,,18.75
3303,EE_ITT,MKT,KG_HAB,NO,,3.17,3.24,3.85,4.56,4.85,4.8,4.76,3.28,3.22,6.53,6.62,6.74,7.52,63.14
3304,EE_ITT,MKT,KG_HAB,PL,,1.54,1.51,1.49,1.45,1.43,1.36,1.61,1.37,1.32,1.93,1.76,3.24,,20.010000000000005
3305,EE_ITT,MKT,KG_HAB,PT,,1.21,1.07,1.2,1.25,1.24,1.11,1.43,1.54,2.18,2.19,2.15,1.85,2.12,20.540000000000003
3306,EE_ITT,MKT,KG_HAB,RO,,,0.67,0.68,0.67,0.69,0.62,0.71,1.58,0.55,0.96,1.52,1.19,,9.84
3307,EE_ITT,MKT,KG_HAB,SE,,3.29,3.56,3.78,3.79,3.67,4.05,4.39,4.5,4.06,4.78,12.27,4.84,1.83,58.81
3308,EE_ITT,MKT,KG_HAB,SI,,1.12,1.31,1.45,1.39,1.16,1.17,1.47,1.5,1.52,2.24,2.04,1.7,,18.07
3309,EE_ITT,MKT,KG_HAB,SK,,1.2,1.3,1.19,0.98,0.8,0.82,0.8,1.02,0.92,1.21,1.06,1.07,0.8,13.170000000000003
3310,EE_ITT,MKT,KG_HAB,GB,,3.58,3.86,3.96,4.04,3.93,4.34,4.78,5.4,5.79,4.07,2.46,,,46.21
3344,EE_ITT,RCV,KG_HAB,AT,,2.14,2.0,1.97,1.94,1.87,1.9,1.82,1.76,1.67,1.61,1.37,1.16,0.31,21.52
3345,EE_ITT,RCV,KG_HAB,BE,,1.52,1.39,1.32,1.38,1.43,1.64,1.61,1.43,1.32,1.23,1.11,0.98,0.85,17.21
3346,EE_ITT,RCV,KG_HAB,BG,,0.29,0.47,0.46,0.27,0.3,0.32,0.22,0.3,0.21,0.38,0.21,,,3.4299999999999997
3347,EE_ITT,RCV,KG_HAB,CY,,0.41,0.69,0.34,0.55,0.38,0.59,0.47,0.37,0.24,,,,,4.04
3348,EE_ITT,RCV,KG_HAB,CZ,,1.0,1.06,0.9,0.72,0.63,0.65,0.64,0.94,0.94,0.57,0.45,,,8.499999999999998
3349,EE_ITT,RCV,KG_HAB,DE,,1.48,1.35,1.38,1.71,1.78,1.81,2.01,2.51,1.81,1.74,1.32,1.12,,20.02
3350,EE_ITT,RCV,KG_HAB,DK,,1.67,1.76,1.86,2.05,1.72,2.27,2.51,3.15,2.49,2.8,2.77,1.99,,27.039999999999996
3351,EE_ITT,RCV,KG_HAB,EE,,0.73,0.9,1.05,0.83,0.58,1.07,0.73,0.84,0.78,0.54,0.57,,,8.620000000000001
3352,EE_ITT,RCV,KG_HAB,GR,,0.41,0.47,0.46,0.43,0.42,0.43,0.57,0.67,0.66,0.49,0.23,0.07,0.0,5.3100000000000005
3353,EE_ITT,RCV,KG_HAB,ES,,0.48,0.47,0.35,0.39,0.46,0.43,0.45,0.38,0.26,0.28,0.25,0.05,,4.25
3354,EE_ITT,RCV,KG_HAB,EU27_2020,,1.09,1.02,0.95,0.98,0.84,,,,,,,,,4.88
3355,EE_ITT,RCV,KG_HAB,EU28,,1.17,1.16,1.09,1.07,,,,,,,,,,4.49
3356,EE_ITT,RCV,KG_HAB,FI,,2.02,1.64,1.7,1.57,1.27,1.27,1.38,1.38,1.9,1.95,1.48,1.01,0.41,18.980000000000004
3357,EE_ITT,RCV,KG_HAB,FR,,1.27,1.24,1.04,0.91,0.79,0.82,0.78,0.74,0.77,0.53,0.28,0.04,,9.209999999999999
3358,EE_ITT,RCV,KG_HAB,HR,,1.07,1.2,0.75,0.64,0.63,0.7,,,,,,,,4.99
3359,EE_ITT,RCV,KG_HAB,HU,,0.94,0.8,0.81,0.86,0.91,0.79,0.34,0.45,0.52,0.47,0.27,0.18,0.08,7.42
3360,EE_ITT,RCV,KG_HAB,IE,,1.31,1.62,1.43,1.3,1.3,1.26,0.98,0.76,0.91,1.83,2.36,,,15.059999999999999
3361,EE_ITT,RCV,KG_HAB,IS,,1.38,1.05,2.1,0.71,0.81,1.32,1.24,0.88,0.82,,,,,10.31
3362,EE_ITT,RCV,KG_HAB,IT,,,,0.83,0.79,0.0,,,,,,,,,1.62
3363,EE_ITT,RCV,KG_HAB,LI,,1.25,1.39,1.44,1.17,1.58,0.89,0.98,,,,,,,8.7
3364,EE_ITT,RCV,KG_HAB,LT,,0.52,0.55,0.63,0.85,0.82,0.46,0.36,0.28,0.21,0.3,0.33,0.25,0.05,5.61
3365,EE_ITT,RCV,KG_HAB,LU,,1.07,1.12,1.08,1.04,1.23,1.25,1.54,1.44,1.32,1.32,1.47,1.04,,14.920000000000002
3366,EE_ITT,RCV,KG_HAB,LV,,0.34,0.23,0.23,0.24,0.22,0.22,0.21,0.23,0.2,0.27,0.26,,,2.6500000000000004
3367,EE_ITT,RCV,KG_HAB,MT,,0.69,0.8,0.98,1.06,1.14,0.55,1.32,0.1,0.0,0.0,0.0,0.0,0.0,6.64
3368,EE_ITT,RCV,KG_HAB,NL,,1.56,1.58,1.62,1.68,0.84,1.02,1.02,1.2,1.35,1.37,1.25,1.09,0.99,16.569999999999997
3369,EE_ITT,RCV,KG_HAB,NO,,2.09,2.47,2.21,2.39,2.46,2.99,3.16,2.92,3.57,4.03,3.68,3.11,4.29,39.37
3370,EE_ITT,RCV,KG_HAB,PL,,0.53,0.52,0.35,0.33,0.31,0.33,0.34,0.23,0.33,0.16,0.15,0.0,,3.58
3371,EE_ITT,RCV,KG_HAB,PT,,0.8,0.84,0.73,0.9,0.63,0.62,0.75,0.63,1.06,1.02,0.3,0.1,,8.38
3372,EE_ITT,RCV,KG_HAB,RO,,,0.28,0.27,0.21,0.21,0.21,0.23,0.27,0.37,0.07,0.01,0.0,,2.13
3373,EE_ITT,RCV,KG_HAB,SE,,1.93,2.48,2.24,2.36,3.02,3.13,3.36,3.13,3.07,2.99,2.7,2.56,0.97,33.94
3374,EE_ITT,RCV,KG_HAB,SI,,1.06,1.41,0.89,0.85,0.17,0.76,0.79,1.06,0.89,,,,,7.88
3375,EE_ITT,RCV,KG_HAB,SK,,0.74,0.68,0.54,0.48,0.56,0.49,0.48,0.54,0.44,0.42,0.33,0.14,0.04,5.88
3376,EE_ITT,RCV,KG_HAB,GB,,1.72,2.11,2.1,1.69,,,,,1.93,1.66,0.7,,,11.909999999999998
3443,EE_ITT,RCY_REU,KG_HAB,AT,,1.69,1.72,1.65,1.61,1.57,1.63,1.57,1.53,1.44,1.4,1.19,1.01,0.25,18.26
3444,EE_ITT,RCY_REU,KG_HAB,BE,,1.3,1.2,1.15,1.21,1.3,1.52,1.49,1.33,1.22,1.16,1.07,0.55,0.41,14.91
3445,EE_ITT,RCY_REU,KG_HAB,BG,,0.27,0.46,0.44,0.26,0.29,0.31,0.21,0.27,0.2,0.37,0.19,,,3.2700000000000005
3446,EE_ITT,RCY_REU,KG_HAB,CY,,0.41,0.69,0.34,0.55,0.38,0.59,0.47,0.37,0.24,,,,,4.04
3447,EE_ITT,RCY_REU,KG_HAB,CZ,,0.97,1.04,0.88,0.76,0.68,0.74,0.75,0.92,0.89,0.54,0.43,,,8.599999999999998
3448,EE_ITT,RCY_REU,KG_HAB,DE,,1.32,1.22,1.23,1.53,1.58,1.59,1.78,2.19,1.54,1.5,1.13,0.92,,17.53
3449,EE_ITT,RCY_REU,KG_HAB,DK,,1.63,1.7,1.76,1.91,1.58,2.1,2.32,2.87,2.33,2.56,2.45,1.75,,24.96
3450,EE_ITT,RCY_REU,KG_HAB,EE,,0.69,0.87,1.01,0.78,0.55,0.98,0.6,0.69,0.68,0.54,0.57,,,7.96
3451,EE_ITT,RCY_REU,KG_HAB,GR,,0.34,0.46,0.46,0.43,0.42,0.43,0.57,0.67,0.66,0.49,0.23,0.07,0.0,5.230000000000001
3452,EE_ITT,RCY_REU,KG_HAB,ES,,0.46,0.44,0.34,0.37,0.42,0.43,0.43,0.33,0.21,0.24,0.24,0.05,,3.96
3453,EE_ITT,RCY_REU,KG_HAB,EU27_2020,,1.0,0.95,0.87,0.91,,,,,,,,,,3.73
3454,EE_ITT,RCY_REU,KG_HAB,EU28,,1.09,1.09,1.02,0.99,,,,,,,,,,4.19
3455,EE_ITT,RCY_REU,KG_HAB,FI,,2.0,1.63,1.67,1.56,1.24,1.25,1.34,1.37,1.85,1.85,1.41,0.96,0.4,18.529999999999998
3456,EE_ITT,RCY_REU,KG_HAB,FR,,1.17,1.16,0.98,0.85,0.73,0.73,0.73,0.7,0.72,0.5,0.26,0.04,,8.569999999999999
3457,EE_ITT,RCY_REU,KG_HAB,HR,,1.07,1.2,0.75,0.64,0.63,0.7,,,,,,,,4.99
3458,EE_ITT,RCY_REU,KG_HAB,HU,,0.94,0.8,0.76,0.86,0.91,0.78,0.34,0.44,0.51,0.46,0.26,0.18,0.08,7.32
3459,EE_ITT,RCY_REU,KG_HAB,IE,,1.19,1.59,1.23,1.22,1.21,1.23,0.98,0.74,0.88,1.65,2.36,,,14.28
3460,EE_ITT,RCY_REU,KG_HAB,IS,,1.38,1.05,2.1,0.62,0.73,1.1,1.03,0.72,0.72,,,,,9.450000000000001
3461,EE_ITT,RCY_REU,KG_HAB,IT,,,,0.82,0.78,,,,,,,,,,1.6
3462,EE_ITT,RCY_REU,KG_HAB,LI,,1.25,1.39,1.44,1.17,1.58,0.89,0.98,,,,,,,8.7
3463,EE_ITT,RCY_REU,KG_HAB,LT,,0.49,0.52,0.58,0.78,0.72,0.4,0.32,0.26,0.19,0.25,0.27,0.24,0.01,5.029999999999999
3464,EE_ITT,RCY_REU,KG_HAB,LU,,0.99,1.03,1.0,0.97,1.12,1.15,1.43,1.36,1.23,1.22,1.36,0.99,,13.850000000000001
3465,EE_ITT,RCY_REU,KG_HAB,LV,,0.34,0.23,0.23,0.24,0.22,0.22,0.21,0.23,0.2,0.27,0.26,,,2.6500000000000004
3466,EE_ITT,RCY_REU,KG_HAB,MT,,0.69,0.8,0.98,0.99,1.13,0.54,1.3,0.1,0.0,0.0,0.0,0.0,0.0,6.529999999999999
3467,EE_ITT,RCY_REU,KG_HAB,NL,,1.35,1.3,1.35,1.39,0.71,0.89,0.91,1.05,1.16,1.14,1.02,0.88,0.75,13.9
3468,EE_ITT,RCY_REU,KG_HAB,NO,,2.17,2.32,2.26,2.14,2.13,2.37,2.62,2.66,3.21,3.35,3.28,3.01,3.65,35.17
3469,EE_ITT,RCY_REU,KG_HAB,PL,,0.53,0.52,0.35,0.33,0.3,0.33,0.34,0.23,0.31,0.15,0.13,0.0,,3.52
3470,EE_ITT,RCY_REU,KG_HAB,PT,,0.71,0.76,0.65,0.83,0.61,0.61,0.74,0.63,1.05,1.02,0.29,0.1,,7.999999999999999
3471,EE_ITT,RCY_REU,KG_HAB,RO,,,0.25,0.24,0.2,0.2,0.2,0.22,0.24,0.34,0.06,0.0,,,1.9500000000000002
3472,EE_ITT,RCY_REU,KG_HAB,SE,,1.77,2.26,2.06,2.14,2.74,2.84,3.04,2.84,2.8,2.75,2.47,2.62,0.99,31.32
3473,EE_ITT,RCY_REU,KG_HAB,SI,,0.91,1.17,0.82,0.65,0.12,0.65,0.7,1.03,0.71,,,,,6.76
3474,EE_ITT,RCY_REU,KG_HAB,SK,,0.7,0.65,0.5,0.46,0.55,0.48,0.47,0.53,0.43,0.41,0.32,0.12,0.03,5.65
3475,EE_ITT,RCY_REU,KG_HAB,GB,,1.65,2.01,2.02,1.58,,,,,1.9,1.62,0.67,,,11.450000000000001
3542,EE_ITT,REU,KG_HAB,AT,,0.06,0.06,0.05,0.04,0.03,0.03,0.02,0.03,0.02,0.03,0.03,0.04,0.02,0.46
3543,EE_ITT,REU,KG_HAB,BE,,,,0.09,0.05,0.08,0.01,0.02,0.0,0.0,0.0,0.0,0.0,0.0,0.25
3544,EE_ITT,REU,KG_HAB,BG,,,,,,0.0,0.04,,0.0,0.0,,,,,0.04
3545,EE_ITT,REU,KG_HAB,CY,,0.19,0.28,0.16,0.11,0.1,0.05,0.08,0.03,0.01,,,,,1.0100000000000002
3546,EE_ITT,REU,KG_HAB,DE,,0.1,0.02,0.01,0.11,0.11,0.12,0.09,0.07,0.08,0.05,0.04,0.06,,0.8600000000000001
3547,EE_ITT,REU,KG_HAB,DK,,0.01,0.03,0.01,0.01,0.01,,,,,,,,,0.07
3548,EE_ITT,REU,KG_HAB,EE,,,,0.0,,0.0,0.0,0.0,,,,,,,0.0
3549,EE_ITT,REU,KG_HAB,GR,,,,,,,0.0,0.0,0.0,0.0,0.0,0.0,0.0,0.0,0.0
3550,EE_ITT,REU,KG_HAB,ES,,,,,0.0,,0.0,0.01,0.0,0.0,,,,,0.01
3551,EE_ITT,REU,KG_HAB,FI,,0.41,0.23,0.09,0.01,0.09,0.01,0.01,0.0,0.01,0.02,0.03,0.05,0.0,0.9600000000000001
3552,EE_ITT,REU,KG_HAB,FR,,0.03,0.05,0.05,0.05,0.07,0.08,0.11,0.09,0.13,0.05,0.06,0.04,,0.81
3553,EE_ITT,REU,KG_HAB,HR,,,,,0.0,,,,,,,,,,0.0
3554,EE_ITT,REU,KG_HAB,HU,,,,,,,,,0.0,,,,,,0.0
3555,EE_ITT,REU,KG_HAB,IE,,0.16,,0.08,0.08,0.09,0.04,0.05,0.04,0.12,0.04,,,,0.7000000000000001
3556,EE_ITT,REU,KG_HAB,IS,,0.0,,0.0,,0.0,,,0.0,0.0,,,,,0.0
3557,EE_ITT,REU,KG_HAB,LU,,,,,0.0,,,,,,,,,,0.0
3558,EE_ITT,REU,KG_HAB,LV,,0.0,0.0,,,0.0,0.0,0.0,0.0,0.0,0.0,0.0,,,0.0
3559,EE_ITT,REU,KG_HAB,MT,,,,,,,0.0,0.0,0.0,0.0,0.0,0.0,0.0,0.0,0.0
3560,EE_ITT,REU,KG_HAB,NL,,,0.0,0.0,0.0,0.0,0.0,0.0,,0.0,0.0,0.0,0.0,0.02,0.02
3561,EE_ITT,REU,KG_HAB,NO,,0.21,0.21,0.39,0.21,,0.16,0.17,0.03,0.07,0.09,0.2,0.36,0.27,2.37
3562,EE_ITT,REU,KG_HAB,PL,,0.02,0.01,0.01,0.01,0.02,0.02,0.01,0.0,0.01,0.0,0.0,0.0,,0.11
3563,EE_ITT,REU,KG_HAB,PT,,0.0,0.0,0.0,0.0,0.0,0.0,0.0,0.0,0.0,0.01,0.0,,,0.01
3564,EE_ITT,REU,KG_HAB,SE,,0.0,0.0,0.03,0.05,0.02,,0.0,0.02,0.01,,,0.0,0.0,0.13
3565,EE_ITT,REU,KG_HAB,SI,,,0.0,,,,0.01,0.01,,,,,,,0.02
3566,EE_ITT,REU,KG_HAB,SK,,,,,,,0.0,0.0,0.0,0.0,0.0,0.0,0.0,0.0,0.0
3567,EE_ITT,REU,KG_HAB,GB,,0.09,0.18,0.14,0.16,0.16,0.34,0.36,0.31,0.19,0.15,0.06,,,2.14
3858,EE_LHA,COL,KG_HAB,AT,,7.57,4.18,3.84,3.65,3.7,3.72,3.82,3.85,4.14,4.2,3.75,3.98,1.33,51.73
3859,EE_LHA,COL,KG_HAB,BE,,4.94,5.02,4.77,4.53,4.67,4.57,4.49,4.35,4.23,3.66,3.09,2.98,2.8,54.09999999999999
3860,EE_LHA,COL,KG_HAB,BG,,5.67,6.34,5.99,4.19,3.63,3.84,4.08,4.44,3.23,4.22,2.19,,,47.81999999999999
3861,EE_LHA,COL,KG_HAB,CY,,3.93,1.92,2.38,1.43,1.3,1.62,1.7,2.2,2.33,2.49,2.95,4.59,4.09,32.93000000000001
3862,EE_LHA,COL,KG_HAB,CZ,,4.45,4.41,3.47,2.64,2.47,2.31,2.44,2.17,2.7,2.08,1.62,,,30.76
3863,EE_LHA,COL,KG_HAB,DE,,4.36,3.92,3.54,2.96,3.4,2.93,2.97,3.05,3.51,3.17,2.82,5.61,,42.24
3864,EE_LHA,COL,KG_HAB,DK,,6.7,6.7,5.98,5.83,5.76,5.74,6.56,6.38,6.73,6.48,9.51,5.79,,78.16000000000001
3865,EE_LHA,COL,KG_HAB,EE,,3.55,3.52,2.59,2.1,1.2,1.36,1.83,1.79,1.4,2.21,2.52,2.56,,26.629999999999995
3866,EE_LHA,COL,KG_HAB,GR,,3.37,3.23,2.83,2.51,1.98,1.81,2.32,2.62,4.39,3.11,2.26,0.79,0.01,31.23
3867,EE_LHA,COL,KG_HAB,ES,,3.96,3.26,3.0,2.19,2.74,1.94,1.93,1.99,1.86,5.47,5.27,3.39,,37.0
3868,EE_LHA,COL,KG_HAB,EU27_2020,,4.36,4.08,3.68,3.11,3.08,2.84,2.88,,,,,,,24.03
3869,EE_LHA,COL,KG_HAB,EU28,,4.99,4.87,3.93,3.3,3.21,2.96,3.01,,,,,,,26.270000000000003
3870,EE_LHA,COL,KG_HAB,FI,,6.25,5.92,5.75,6.21,5.31,4.95,4.9,5.16,4.83,5.01,4.65,4.09,1.78,64.81
3871,EE_LHA,COL,KG_HAB,FR,,6.66,6.27,5.44,4.41,4.02,3.92,3.79,3.72,3.54,2.7,1.63,0.06,,46.16000000000001
3872,EE_LHA,COL,KG_HAB,HR,,4.43,4.74,2.56,1.25,1.46,1.55,1.82,,,,,,,17.810000000000002
3873,EE_LHA,COL,KG_HAB,HU,,3.48,3.25,2.91,2.91,2.63,2.39,2.17,2.13,2.85,2.82,2.3,1.35,1.08,32.27
3874,EE_LHA,COL,KG_HAB,IE,,6.44,6.27,5.59,5.11,4.21,4.86,4.94,5.54,5.8,5.67,5.75,,,60.18
3875,EE_LHA,COL,KG_HAB,IS,,7.82,5.63,4.96,5.18,4.08,3.9,3.3,2.35,1.26,,,,,38.480000000000004
3876,EE_LHA,COL,KG_HAB,IT,,,,2.78,2.35,2.04,1.97,2.21,2.44,2.21,1.81,1.93,0.99,0.94,21.669999999999998
3877,EE_LHA,COL,KG_HAB,LI,,4.38,4.8,4.21,2.02,1.91,0.46,0.56,0.67,0.26,0.18,0.18,,,19.630000000000003
3878,EE_LHA,COL,KG_HAB,LT,,2.21,2.23,3.18,4.24,2.75,2.65,2.16,1.63,1.18,1.93,1.87,1.51,0.17,27.710000000000004
3879,EE_LHA,COL,KG_HAB,LU,,5.16,5.18,4.94,4.65,4.35,3.91,3.99,4.05,4.15,3.49,3.63,4.02,,51.519999999999996
3880,EE_LHA,COL,KG_HAB,LV,,2.66,1.28,1.26,1.25,1.17,1.06,0.99,0.97,0.98,1.37,1.4,,,14.390000000000002
3881,EE_LHA,COL,KG_HAB,MT,,3.18,2.69,2.12,2.24,2.36,2.05,2.2,1.95,1.68,0.24,0.21,0.08,0.1,21.099999999999998
3882,EE_LHA,COL,KG_HAB,NL,,5.11,4.48,3.97,3.82,3.48,3.56,3.76,3.85,2.89,2.37,2.35,2.45,2.59,44.68000000000001
3883,EE_LHA,COL,KG_HAB,NO,,8.52,9.12,9.63,9.62,8.94,8.73,9.4,9.01,9.39,9.84,9.9,9.37,9.44,120.91000000000001
3884,EE_LHA,COL,KG_HAB,PL,,3.02,3.05,2.93,2.13,2.01,2.16,1.7,1.43,1.35,0.46,0.2,0.07,,20.51
3885,EE_LHA,COL,KG_HAB,PT,,4.01,3.93,3.58,3.19,2.95,2.4,3.5,2.72,2.09,2.06,1.87,0.22,0.0,32.519999999999996
3886,EE_LHA,COL,KG_HAB,RO,,,1.5,1.22,1.03,1.02,0.57,0.5,0.7,1.05,0.43,0.08,0.02,,8.12
3887,EE_LHA,COL,KG_HAB,SE,,7.13,8.21,7.36,7.35,8.83,8.2,8.17,8.03,7.45,7.62,8.39,6.55,2.47,95.76
3888,EE_LHA,COL,KG_HAB,SI,,2.79,2.51,2.26,2.2,2.0,1.99,1.92,1.9,2.07,1.81,1.61,,,23.059999999999995
3889,EE_LHA,COL,KG_HAB,SK,,2.8,2.78,2.17,2.14,2.09,2.1,2.31,2.29,2.71,2.32,1.71,0.91,0.35,26.680000000000003
3890,EE_LHA,COL,KG_HAB,GB,,9.26,10.25,5.64,4.59,4.09,3.78,3.88,3.9,4.08,4.15,1.91,,,55.52999999999999
4054,EE_LHA,MKT,KG_HAB,AT,,12.41,12.22,11.04,9.54,9.34,9.15,9.14,9.2,8.99,9.54,9.36,9.02,3.45,122.39999999999999
4055,EE_LHA,MKT,KG_HAB,BE,,11.8,11.3,11.77,11.21,11.28,9.54,10.04,10.0,9.62,8.99,7.85,7.39,7.12,127.91
4056,EE_LHA,MKT,KG_HAB,BG,,7.66,7.24,6.65,6.38,5.61,5.29,4.98,4.92,5.52,0.38,0.92,,,55.550000000000004
4057,EE_LHA,MKT,KG_HAB,CY,,9.31,3.92,7.88,6.76,7.55,9.65,11.99,16.3,15.7,16.23,16.66,15.11,22.57,159.63
4058,EE_LHA,MKT,KG_HAB,CZ,,9.07,8.15,7.85,7.15,6.83,6.67,7.22,6.8,6.85,7.75,7.35,,,81.68999999999998
4059,EE_LHA,MKT,KG_HAB,DE,,10.29,10.31,10.0,9.69,9.46,9.16,9.28,8.73,7.55,8.2,7.75,8.78,,109.2
4060,EE_LHA,MKT,KG_HAB,DK,,14.38,13.65,13.4,12.12,11.9,11.64,11.44,12.09,12.82,13.85,20.21,16.18,,163.68
4061,EE_LHA,MKT,KG_HAB,EE,,7.65,7.4,7.07,6.83,6.13,6.5,6.02,5.72,4.7,7.04,7.44,7.48,,79.98
4062,EE_LHA,MKT,KG_HAB,GR,,8.01,7.75,7.39,7.8,7.22,7.67,8.52,9.83,11.9,12.52,12.82,10.67,9.16,121.26
4063,EE_LHA,MKT,KG_HAB,ES,,9.26,8.73,8.32,7.41,6.94,7.47,8.45,9.36,8.65,9.77,12.49,7.37,,104.22
4064,EE_LHA,MKT,KG_HAB,EU27_2020,,10.42,9.9,9.49,8.99,8.82,8.75,8.71,,,,,,,65.08000000000001
4065,EE_LHA,MKT,KG_HAB,EU28,,10.73,10.34,9.89,9.38,9.16,9.04,8.98,,,,,,,67.52000000000001
4066,EE_LHA,MKT,KG_HAB,FI,,12.45,12.39,11.81,12.07,13.13,13.2,13.39,13.89,12.99,12.9,12.8,11.84,4.37,157.23000000000002
4067,EE_LHA,MKT,KG_HAB,FR,,15.42,14.3,14.06,13.68,13.81,14.17,14.13,13.5,13.05,13.56,13.12,12.31,,165.11
4068,EE_LHA,MKT,KG_HAB,HR,,8.27,7.2,6.68,5.26,5.59,5.24,5.64,,,,,,,43.879999999999995
4069,EE_LHA,MKT,KG_HAB,HU,,7.56,6.96,5.87,5.12,4.21,4.16,5.22,5.2,5.42,7.02,7.15,7.34,6.19,77.42
4070,EE_LHA,MKT,KG_HAB,IE,,11.2,10.33,9.41,8.77,7.99,8.22,8.77,8.82,9.62,11.44,13.74,,,108.30999999999999
4071,EE_LHA,MKT,KG_HAB,IS,,22.1,5.63,16.77,12.3,10.68,9.83,10.36,8.92,7.64,,,,,104.23
4072,EE_LHA,MKT,KG_HAB,IT,,,,8.45,7.91,8.02,8.05,9.12,10.99,8.94,10.91,10.74,,,83.13
4073,EE_LHA,MKT,KG_HAB,LI,,4.38,4.8,4.21,2.02,1.91,0.46,0.56,,,,,,,18.34
4074,EE_LHA,MKT,KG_HAB,LT,,6.68,6.21,5.89,6.39,5.3,5.41,4.69,4.55,4.33,7.33,8.16,8.99,8.48,82.41
4075,EE_LHA,MKT,KG_HAB,LU,,9.37,8.56,9.02,9.09,8.47,9.0,9.05,9.7,9.37,8.5,10.7,8.17,6.56,115.56
4076,EE_LHA,MKT,KG_HAB,LV,,6.49,5.01,4.93,4.9,4.7,4.23,3.95,3.65,3.64,6.31,8.2,,,56.010000000000005
4077,EE_LHA,MKT,KG_HAB,MT,,13.25,12.89,15.39,16.84,15.69,14.51,14.04,13.42,14.08,14.5,13.63,15.78,14.14,188.16000000000003
4078,EE_LHA,MKT,KG_HAB,NL,,10.95,10.61,9.84,9.61,9.78,10.25,,,,,,,,61.04
4079,EE_LHA,MKT,KG_HAB,NO,,13.37,14.0,12.87,12.93,14.6,13.99,13.52,13.43,12.94,15.04,15.22,15.41,18.85,186.17
4080,EE_LHA,MKT,KG_HAB,PL,,8.07,7.75,7.16,6.99,6.5,6.36,6.46,6.38,5.75,6.94,7.19,11.2,,86.75000000000001
4081,EE_LHA,MKT,KG_HAB,PT,,9.27,8.72,8.12,7.25,7.21,6.64,7.2,9.49,8.9,8.53,9.55,6.3,9.2,106.38
4082,EE_LHA,MKT,KG_HAB,RO,,,6.58,5.22,4.27,4.09,3.73,3.45,3.67,3.35,7.89,4.78,3.4,,50.43
4083,EE_LHA,MKT,KG_HAB,SE,,14.49,13.52,12.74,11.69,12.56,10.27,11.01,10.86,10.44,10.84,9.16,11.19,4.22,142.99
4084,EE_LHA,MKT,KG_HAB,SI,,10.17,9.79,9.15,8.83,8.55,8.2,8.1,7.28,7.6,8.69,9.14,7.56,,103.05999999999999
4085,EE_LHA,MKT,KG_HAB,SK,,6.48,6.14,5.32,5.22,4.51,4.85,4.57,4.67,4.34,6.12,5.77,5.03,4.48,67.50000000000001
4086,EE_LHA,MKT,KG_HAB,GB,,12.8,13.35,12.67,12.08,11.53,11.01,10.81,11.14,11.0,11.26,6.64,,,124.29
4120,EE_LHA,RCV,KG_HAB,AT,,6.96,3.81,3.5,3.41,3.29,3.29,3.38,3.4,3.63,3.67,3.29,3.46,1.11,46.2
4121,EE_LHA,RCV,KG_HAB,BE,,4.4,4.49,4.34,4.0,4.15,4.04,3.97,3.91,3.74,3.09,2.67,2.67,2.52,47.99
4122,EE_LHA,RCV,KG_HAB,BG,,5.01,5.17,5.38,3.72,3.11,3.36,3.52,3.55,2.71,2.75,1.54,,,39.82
4123,EE_LHA,RCV,KG_HAB,CY,,3.05,1.71,2.15,1.28,1.08,1.28,1.36,1.7,1.87,,,,,15.48
4124,EE_LHA,RCV,KG_HAB,CZ,,4.03,4.2,3.02,2.27,2.32,1.93,2.38,2.26,2.27,1.87,1.28,,,27.83
4125,EE_LHA,RCV,KG_HAB,DE,,4.23,3.76,3.15,2.82,3.22,2.78,2.81,2.88,3.28,2.95,2.64,5.07,,39.589999999999996
4126,EE_LHA,RCV,KG_HAB,DK,,6.06,6.24,5.27,4.81,5.18,5.2,6.95,5.4,5.56,6.85,8.11,5.2,,70.83
4127,EE_LHA,RCV,KG_HAB,EE,,3.45,3.27,2.34,1.92,1.11,1.29,1.75,1.66,1.28,2.01,2.09,,,22.169999999999998
4128,EE_LHA,RCV,KG_HAB,GR,,2.88,2.96,2.41,2.02,1.71,1.66,2.1,2.57,3.67,2.58,1.73,0.67,0.01,26.97
4129,EE_LHA,RCV,KG_HAB,ES,,3.49,2.95,2.43,1.77,2.51,1.74,1.56,1.43,1.4,5.3,4.96,2.59,,32.129999999999995
4130,EE_LHA,RCV,KG_HAB,EU27_2020,,4.02,3.75,3.24,2.79,,,,,,,,,,13.8
4131,EE_LHA,RCV,KG_HAB,EU28,,4.58,4.41,3.44,2.95,,,,,,,,,,15.379999999999999
4132,EE_LHA,RCV,KG_HAB,FI,,5.89,5.58,5.51,5.54,4.89,4.52,4.53,4.78,4.57,4.44,4.22,3.71,1.58,59.76
4133,EE_LHA,RCV,KG_HAB,FR,,6.06,5.73,4.89,4.02,3.53,3.28,3.23,3.1,2.83,2.25,1.36,0.0,,40.279999999999994
4134,EE_LHA,RCV,KG_HAB,HR,,4.43,4.74,2.54,1.23,1.46,1.35,,,,,,,,15.75
4135,EE_LHA,RCV,KG_HAB,HU,,3.0,2.83,2.55,2.48,2.21,1.94,1.91,1.83,2.43,2.41,1.88,1.14,0.89,27.5
4136,EE_LHA,RCV,KG_HAB,IE,,5.77,6.08,5.2,4.25,3.55,3.97,4.06,4.48,4.81,4.62,4.54,,,51.33
4137,EE_LHA,RCV,KG_HAB,IS,,7.39,5.22,4.26,6.14,3.36,3.71,2.67,2.14,1.05,,,,,35.94
4138,EE_LHA,RCV,KG_HAB,IT,,,,2.59,2.1,,,,,,,,,,4.6899999999999995
4139,EE_LHA,RCV,KG_HAB,LI,,3.19,3.5,3.07,1.51,1.43,0.34,0.42,0.67,0.26,0.18,0.18,,,14.75
4140,EE_LHA,RCV,KG_HAB,LT,,1.98,2.0,2.81,3.55,2.2,2.1,1.69,1.26,1.0,1.52,1.39,1.17,0.12,22.790000000000003
4141,EE_LHA,RCV,KG_HAB,LU,,5.01,5.03,4.74,4.49,4.16,3.78,3.87,3.91,3.89,3.12,3.36,3.76,,49.11999999999999
4142,EE_LHA,RCV,KG_HAB,LV,,2.25,1.15,1.07,1.12,1.05,0.9,0.84,0.82,0.85,1.02,1.03,,,12.099999999999998
4143,EE_LHA,RCV,KG_HAB,MT,,2.4,2.13,0.73,2.18,1.59,0.83,2.0,0.19,0.0,0.0,0.0,0.0,0.0,12.049999999999999
4144,EE_LHA,RCV,KG_HAB,NL,,4.83,4.29,3.79,3.71,3.38,3.39,3.59,3.6,2.56,2.11,2.08,2.14,2.24,41.71
4145,EE_LHA,RCV,KG_HAB,NO,,8.12,8.78,9.36,9.21,8.42,8.16,8.92,8.5,8.06,8.42,8.37,8.14,11.24,113.7
4146,EE_LHA,RCV,KG_HAB,PL,,2.8,2.57,2.08,1.84,1.92,1.93,1.86,1.25,1.13,0.21,0.11,0.01,,17.71
4147,EE_LHA,RCV,KG_HAB,PT,,3.65,3.59,3.25,2.79,2.83,2.03,2.88,2.26,1.73,1.67,1.72,0.21,0.0,28.61
4148,EE_LHA,RCV,KG_HAB,RO,,,1.26,0.86,0.95,0.94,0.51,0.45,0.65,0.94,0.17,0.02,0.0,,6.75
4149,EE_LHA,RCV,KG_HAB,SE,,6.44,7.35,6.59,6.6,7.85,7.42,7.35,7.3,6.73,6.96,7.75,6.02,2.27,86.62999999999998
4150,EE_LHA,RCV,KG_HAB,SI,,2.71,2.32,2.12,2.16,1.4,1.69,1.65,1.65,1.76,,,,,17.46
4151,EE_LHA,RCV,KG_HAB,SK,,2.53,2.54,1.94,2.0,1.96,1.9,2.05,2.04,2.14,2.02,1.43,0.82,0.31,23.68
4152,EE_LHA,RCV,KG_HAB,GB,,8.32,8.92,4.78,4.05,,,,,3.22,3.21,1.54,,,34.04
4219,EE_LHA,RCY_REU,KG_HAB,AT,,6.32,3.55,3.28,3.07,3.05,3.03,3.19,3.14,3.35,3.48,3.1,3.33,1.05,42.94
4220,EE_LHA,RCY_REU,KG_HAB,BE,,3.88,3.86,3.88,3.61,3.82,3.68,3.6,3.56,3.43,2.84,2.48,2.5,2.32,43.459999999999994
4221,EE_LHA,RCY_REU,KG_HAB,BG,,4.72,5.05,5.29,3.65,3.08,3.33,3.48,3.5,2.6,2.75,1.54,,,38.99
4222,EE_LHA,RCY_REU,KG_HAB,CY,,3.05,1.71,2.15,1.28,1.08,1.28,1.36,1.7,1.87,,,,,15.48
4223,EE_LHA,RCY_REU,KG_HAB,CZ,,3.93,4.15,2.98,2.24,2.25,1.87,2.25,2.06,2.11,1.85,1.28,,,26.970000000000002
4224,EE_LHA,RCY_REU,KG_HAB,DE,,3.76,3.39,2.78,2.51,2.87,2.49,2.54,2.56,2.99,2.69,2.4,4.68,,35.66
4225,EE_LHA,RCY_REU,KG_HAB,DK,,5.37,5.43,4.64,4.27,4.67,4.52,6.13,4.97,5.23,6.06,7.69,4.75,,63.730000000000004
4226,EE_LHA,RCY_REU,KG_HAB,EE,,3.03,3.02,2.24,1.77,1.02,1.16,1.75,1.58,1.21,2.01,2.09,,,20.88
4227,EE_LHA,RCY_REU,KG_HAB,GR,,2.75,2.66,2.41,2.02,1.71,1.66,2.1,2.57,3.67,2.58,1.73,0.67,0.01,26.54
4228,EE_LHA,RCY_REU,KG_HAB,ES,,3.23,2.77,2.21,1.68,2.2,1.55,1.46,1.36,1.25,4.43,4.16,2.34,,28.64
4229,EE_LHA,RCY_REU,KG_HAB,EU27_2020,,3.7,3.44,2.98,2.57,,,,,,,,,,12.690000000000001
4230,EE_LHA,RCY_REU,KG_HAB,EU28,,4.19,4.07,3.17,2.71,,,,,,,,,,14.14
4231,EE_LHA,RCY_REU,KG_HAB,FI,,5.46,5.14,5.26,5.29,4.76,4.41,4.39,4.57,4.25,4.21,4.0,3.44,1.57,56.75
4232,EE_LHA,RCY_REU,KG_HAB,FR,,5.47,5.07,4.38,3.54,3.16,3.0,2.96,2.9,2.62,2.1,1.24,0.0,,36.44
4233,EE_LHA,RCY_REU,KG_HAB,HR,,4.43,4.74,2.54,1.21,1.43,1.3,,,,,,,,15.65
4234,EE_LHA,RCY_REU,KG_HAB,HU,,3.0,2.83,2.46,2.45,2.21,1.93,1.89,1.83,2.39,2.37,1.86,1.14,0.89,27.250000000000004
4235,EE_LHA,RCY_REU,KG_HAB,IE,,5.47,5.27,4.65,4.22,3.47,3.9,4.03,4.41,4.78,4.62,4.54,,,49.36
4236,EE_LHA,RCY_REU,KG_HAB,IS,,7.39,5.22,4.26,5.64,3.1,3.18,2.24,1.78,0.92,,,,,33.730000000000004
4237,EE_LHA,RCY_REU,KG_HAB,IT,,,,2.48,2.01,,,,,,,,,,4.49
4238,EE_LHA,RCY_REU,KG_HAB,LI,,3.19,3.5,3.07,1.51,1.43,0.34,0.42,0.67,0.26,0.18,0.18,,,14.75
4239,EE_LHA,RCY_REU,KG_HAB,LT,,1.86,1.89,2.61,3.28,2.06,1.88,1.59,1.17,0.89,1.3,1.26,1.07,0.01,20.87
4240,EE_LHA,RCY_REU,KG_HAB,LU,,4.7,4.74,4.43,4.24,3.97,3.54,3.66,3.76,3.78,3.02,3.27,3.69,,46.800000000000004
4241,EE_LHA,RCY_REU,KG_HAB,LV,,2.25,1.15,1.07,1.12,1.05,0.9,0.84,0.82,0.85,1.02,1.03,,,12.099999999999998
4242,EE_LHA,RCY_REU,KG_HAB,MT,,2.4,2.13,0.73,2.1,1.54,0.83,2.0,0.19,0.0,0.0,0.0,0.0,0.0,11.92
4243,EE_LHA,RCY_REU,KG_HAB,NL,,4.24,3.72,3.34,3.22,2.95,2.94,3.16,3.03,2.25,1.92,1.82,1.9,2.01,36.5
4244,EE_LHA,RCY_REU,KG_HAB,NO,,7.7,7.73,8.14,7.83,7.1,6.82,7.78,7.53,7.44,8.07,7.99,7.9,9.61,101.64000000000001
4245,EE_LHA,RCY_REU,KG_HAB,PL,,2.79,2.56,2.06,1.82,1.9,1.92,1.85,1.24,1.11,0.2,0.09,0.0,,17.54
4246,EE_LHA,RCY_REU,KG_HAB,PT,,3.25,3.23,2.78,2.43,2.5,2.0,2.68,2.19,1.67,1.65,1.69,0.21,0.0,26.279999999999998
4247,EE_LHA,RCY_REU,KG_HAB,RO,,,1.1,0.79,0.91,0.9,0.49,0.44,0.62,0.9,0.15,0.01,,,6.310000000000001
4248,EE_LHA,RCY_REU,KG_HAB,SE,,6.05,6.95,6.21,6.22,7.39,7.07,6.98,6.92,6.37,6.57,7.32,6.02,2.27,82.34
4249,EE_LHA,RCY_REU,KG_HAB,SI,,2.5,2.25,2.09,1.99,1.37,1.58,1.53,1.56,1.53,,,,,16.400000000000002
4250,EE_LHA,RCY_REU,KG_HAB,SK,,2.52,2.52,1.92,1.98,1.94,1.88,2.05,2.03,2.14,2.0,1.42,0.81,0.31,23.519999999999996
4251,EE_LHA,RCY_REU,KG_HAB,GB,,7.5,8.31,4.5,3.67,,,,,3.17,3.14,1.52,,,31.810000000000006
4318,EE_LHA,REU,KG_HAB,AT,,0.94,0.06,0.07,0.06,0.08,0.06,0.05,0.09,0.06,0.07,0.02,0.02,0.0,1.58
4319,EE_LHA,REU,KG_HAB,BE,,,,0.12,0.15,0.14,0.13,0.15,0.22,0.09,0.08,0.09,0.09,0.08,1.3400000000000003
4320,EE_LHA,REU,KG_HAB,BG,,,,,,0.02,0.0,0.0,0.0,0.0,,,,,0.02
4321,EE_LHA,REU,KG_HAB,CY,,0.01,0.02,0.01,0.0,0.0,,,0.0,0.0,,,,,0.04
4322,EE_LHA,REU,KG_HAB,DE,,0.03,0.02,0.02,0.01,0.01,0.01,0.02,0.02,0.02,0.02,0.01,0.04,,0.23
4323,EE_LHA,REU,KG_HAB,DK,,0.02,0.01,0.0,0.01,0.01,,,,,,,,,0.05
4324,EE_LHA,REU,KG_HAB,EE,,,,0.0,,0.0,0.0,0.0,,,,,,,0.0
4325,EE_LHA,REU,KG_HAB,GR,,,,,,,0.0,0.0,0.0,0.0,0.0,0.0,0.0,0.0,0.0
4326,EE_LHA,REU,KG_HAB,ES,,,,,0.0,,0.0,0.02,0.01,0.01,,,,,0.04
4327,EE_LHA,REU,KG_HAB,FI,,0.04,0.03,0.04,0.05,0.05,0.05,0.03,0.02,0.02,0.02,0.02,0.01,0.0,0.3800000000000001
4328,EE_LHA,REU,KG_HAB,FR,,0.06,0.07,0.05,0.06,0.05,0.05,0.08,0.07,0.07,0.06,0.06,0.01,,0.6900000000000002
4329,EE_LHA,REU,KG_HAB,HR,,,,,0.0,,,,,,,,,,0.0
4330,EE_LHA,REU,KG_HAB,HU,,,,,,,,,0.0,,,,,,0.0
4331,EE_LHA,REU,KG_HAB,IE,,0.02,,0.04,0.01,0.02,0.02,0.04,0.01,0.0,0.01,,,,0.17
4332,EE_LHA,REU,KG_HAB,IS,,0.0,,0.0,,0.0,,,0.01,0.0,,,,,0.01
4333,EE_LHA,REU,KG_HAB,LI,,,,,,,,,0.0,0.0,0.0,0.0,,,0.0
4334,EE_LHA,REU,KG_HAB,LU,,,,,0.0,,,,,,,,,,0.0
4335,EE_LHA,REU,KG_HAB,LV,,0.0,0.0,,,0.0,0.0,0.0,0.0,0.0,0.0,0.0,,,0.0
4336,EE_LHA,REU,KG_HAB,MT,,,,,,,0.0,0.0,0.0,0.0,0.0,0.0,0.0,0.0,0.0
4337,EE_LHA,REU,KG_HAB,NL,,,0.0,0.0,0.0,0.0,0.0,,,,0.0,0.01,0.0,,0.01
4338,EE_LHA,REU,KG_HAB,NO,,0.08,0.08,0.05,0.0,,0.0,0.11,0.06,0.05,0.0,0.0,0.0,0.0,0.43
4339,EE_LHA,REU,KG_HAB,PL,,0.01,0.0,0.0,0.0,0.0,0.0,0.0,0.0,0.0,0.0,0.0,0.0,,0.01
4340,EE_LHA,REU,KG_HAB,PT,,0.02,0.0,,0.0,0.0,0.0,0.0,0.0,,0.0,0.0,,,0.02
4341,EE_LHA,REU,KG_HAB,SE,,0.0,0.0,0.0,,0.0,,0.0,0.0,0.0,,,0.0,0.0,0.0
4342,EE_LHA,REU,KG_HAB,SI,,,0.0,,,,0.0,0.0,,,,,,,0.0
4343,EE_LHA,REU,KG_HAB,SK,,,,,,,0.0,0.0,0.0,0.0,0.0,0.0,0.0,0.0,0.0
4344,EE_LHA,REU,KG_HAB,GB,,0.11,0.11,0.12,0.17,0.22,0.28,0.34,0.26,0.2,0.16,0.06,,,2.03
7717,EE_SHA,COL,KG_HAB,AT,,1.09,0.99,0.99,0.98,0.91,0.88,0.8,0.74,0.7,0.71,0.55,0.51,0.13,9.98
7718,EE_SHA,COL,KG_HAB,BE,,1.25,1.34,1.16,1.16,1.4,1.06,0.99,0.89,0.94,0.85,1.16,1.11,0.97,14.28
7719,EE_SHA,COL,KG_HAB,BG,,0.71,0.69,0.82,0.52,0.23,0.33,0.45,0.42,0.61,0.52,0.22,,,5.5200000000000005
7720,EE_SHA,COL,KG_HAB,CY,,0.26,0.2,0.15,0.15,0.32,0.15,0.19,0.22,0.12,0.09,0.08,0.13,0.14,2.2
7721,EE_SHA,COL,KG_HAB,CZ,,0.81,0.92,0.71,0.59,0.39,0.28,0.28,0.4,0.28,0.11,0.04,,,4.8100000000000005
7722,EE_SHA,COL,KG_HAB,DE,,1.75,1.7,1.52,1.57,1.14,0.96,0.94,0.88,1.61,1.01,0.64,0.52,,14.239999999999998
7723,EE_SHA,COL,KG_HAB,DK,,1.0,0.97,0.95,0.96,0.9,0.9,0.8,0.64,1.09,0.94,0.96,0.26,,10.37
7724,EE_SHA,COL,KG_HAB,EE,,0.54,0.36,0.33,0.26,0.24,0.26,0.39,0.31,0.19,0.15,0.07,0.05,,3.1499999999999995
7725,EE_SHA,COL,KG_HAB,GR,,0.29,0.34,0.32,0.3,0.27,0.24,0.18,0.14,0.14,0.08,0.02,0.03,0.01,2.36
7726,EE_SHA,COL,KG_HAB,ES,,0.56,0.5,0.5,0.31,0.21,0.15,0.17,0.1,0.11,0.08,0.06,0.02,,2.7700000000000005
7727,EE_SHA,COL,KG_HAB,EU27_2020,,0.86,0.79,0.72,0.67,0.52,0.45,0.45,,,,,,,4.46
7728,EE_SHA,COL,KG_HAB,EU28,,0.85,0.8,0.74,0.66,0.52,0.46,0.45,,,,,,,4.48
7729,EE_SHA,COL,KG_HAB,FI,,0.5,0.42,0.44,0.49,0.63,0.35,0.32,0.25,0.38,0.33,0.29,0.27,0.11,4.78
7730,EE_SHA,COL,KG_HAB,FR,,0.65,0.6,0.55,0.52,0.45,0.41,0.4,0.35,0.31,0.22,0.11,0.0,,4.57
7731,EE_SHA,COL,KG_HAB,HR,,0.16,0.18,0.09,0.07,0.06,0.09,0.08,,,,,,,0.73
7732,EE_SHA,COL,KG_HAB,HU,,0.59,0.57,0.57,0.57,0.58,0.44,0.3,0.27,0.32,0.32,0.23,0.13,0.06,4.95
7733,EE_SHA,COL,KG_HAB,IE,,0.61,0.47,0.48,0.41,0.41,0.48,0.49,0.69,0.61,0.53,0.47,,,5.65
7734,EE_SHA,COL,KG_HAB,IS,,0.76,0.52,0.45,1.08,0.57,0.26,0.1,0.21,0.14,,,,,4.09
7735,EE_SHA,COL,KG_HAB,IT,,,,0.48,0.35,0.11,0.12,0.14,0.11,0.07,0.06,0.03,,,1.4700000000000002
7736,EE_SHA,COL,KG_HAB,LI,,4.07,4.8,3.24,3.15,2.06,1.05,1.24,1.0,1.39,1.19,1.24,,,24.43
7737,EE_SHA,COL,KG_HAB,LT,,0.3,0.33,0.42,0.48,0.45,0.29,0.21,0.19,0.15,0.28,0.27,0.11,0.01,3.4899999999999993
7738,EE_SHA,COL,KG_HAB,LU,,0.79,0.82,0.78,0.74,0.86,0.86,0.92,0.89,0.82,0.77,0.74,0.65,,9.64
7739,EE_SHA,COL,KG_HAB,LV,,0.46,0.2,0.21,0.2,0.22,0.17,0.17,0.14,0.13,0.21,0.18,,,2.29
7740,EE_SHA,COL,KG_HAB,MT,,0.18,0.2,0.09,0.02,0.06,0.01,0.02,0.78,0.57,0.02,0.03,0.0,0.0,1.9800000000000002
7741,EE_SHA,COL,KG_HAB,NL,,1.09,0.78,0.77,0.61,0.44,0.42,0.52,0.42,0.34,0.57,0.59,0.55,0.53,7.63
7742,EE_SHA,COL,KG_HAB,NO,,1.13,1.16,1.1,1.08,1.07,1.02,0.92,1.55,2.01,1.02,0.96,1.26,0.7,14.979999999999999
7743,EE_SHA,COL,KG_HAB,PL,,0.69,0.63,0.52,0.51,0.44,0.45,0.36,0.23,0.24,0.06,0.03,0.01,,4.169999999999999
7744,EE_SHA,COL,KG_HAB,PT,,0.87,0.86,0.75,0.83,0.57,0.41,0.55,0.38,0.38,0.19,0.04,0.01,,5.84
7745,EE_SHA,COL,KG_HAB,RO,,,0.07,0.06,0.05,0.05,0.04,0.03,0.05,0.07,0.04,0.01,0.0,,0.47000000000000003
7746,EE_SHA,COL,KG_HAB,SE,,0.93,0.75,0.55,0.6,0.57,0.52,0.8,0.96,0.81,0.81,1.24,1.17,0.44,10.15
7747,EE_SHA,COL,KG_HAB,SI,,0.61,0.61,0.51,0.46,0.25,0.49,0.45,0.24,0.36,0.16,0.12,,,4.26
7748,EE_SHA,COL,KG_HAB,SK,,0.42,0.38,0.42,0.36,0.37,0.38,0.35,0.32,0.29,0.25,0.17,0.09,0.04,3.8399999999999994
7749,EE_SHA,COL,KG_HAB,GB,,0.8,0.85,0.87,0.54,0.52,0.51,0.49,0.37,0.34,0.28,0.09,,,5.66
7913,EE_SHA,MKT,KG_HAB,AT,,2.89,2.76,2.52,2.29,2.05,2.05,2.04,2.12,1.94,2.02,1.83,1.69,0.56,26.760000000000005
7914,EE_SHA,MKT,KG_HAB,BE,,2.55,2.47,2.48,2.41,2.34,5.76,2.66,2.44,2.3,2.56,3.93,3.74,3.82,39.46
7915,EE_SHA,MKT,KG_HAB,BG,,0.72,0.7,0.68,0.65,0.48,0.36,0.39,0.42,0.34,0.06,0.12,,,4.919999999999999
7916,EE_SHA,MKT,KG_HAB,CY,,1.22,1.05,1.03,0.91,0.96,1.48,1.38,1.64,1.97,2.02,1.81,1.34,2.64,19.450000000000003
7917,EE_SHA,MKT,KG_HAB,CZ,,1.81,1.69,1.57,1.47,1.58,1.45,1.37,1.28,1.39,1.47,1.46,,,16.540000000000003
7918,EE_SHA,MKT,KG_HAB,DE,,2.46,2.47,2.59,2.37,2.14,2.08,2.22,2.14,1.74,1.81,1.92,1.76,,25.7
7919,EE_SHA,MKT,KG_HAB,DK,,2.82,2.44,2.89,2.29,2.51,2.45,2.53,2.54,2.06,1.9,2.45,2.3,,29.179999999999996
7920,EE_SHA,MKT,KG_HAB,EE,,1.08,0.91,1.06,1.11,0.98,1.05,0.87,0.93,0.78,0.82,0.9,0.89,,11.38
7921,EE_SHA,MKT,KG_HAB,GR,,0.99,1.04,1.03,1.17,1.09,1.08,1.23,1.28,1.48,1.2,1.16,1.05,0.85,14.65
7922,EE_SHA,MKT,KG_HAB,ES,,1.03,0.98,0.99,0.98,0.99,1.05,1.1,1.2,1.07,1.13,1.17,0.86,,12.549999999999999
7923,EE_SHA,MKT,KG_HAB,EU27_2020,,1.88,1.79,1.77,1.66,1.62,1.66,1.59,,,,,,,11.969999999999999
7924,EE_SHA,MKT,KG_HAB,EU28,,1.95,1.92,1.89,1.78,1.72,1.74,1.68,,,,,,,12.68
7925,EE_SHA,MKT,KG_HAB,FI,,1.33,1.3,1.33,1.52,1.6,1.68,1.67,1.16,1.09,1.24,1.19,1.33,0.65,17.089999999999996
7926,EE_SHA,MKT,KG_HAB,FR,,2.69,2.56,2.5,2.36,2.42,2.37,2.49,2.49,2.35,2.42,2.42,2.08,,29.150000000000006
7927,EE_SHA,MKT,KG_HAB,HR,,1.17,1.14,0.86,0.96,0.82,0.81,0.97,,,,,,,6.7299999999999995
7928,EE_SHA,MKT,KG_HAB,HU,,1.32,1.23,0.97,1.14,0.9,0.87,1.5,1.36,1.31,1.33,1.56,1.34,0.97,15.800000000000002
7929,EE_SHA,MKT,KG_HAB,IE,,1.74,2.63,2.03,2.44,2.85,2.08,1.84,2.38,2.06,2.05,4.33,,,26.43
7930,EE_SHA,MKT,KG_HAB,IS,,2.61,0.52,1.96,1.72,1.57,1.64,1.5,1.46,1.16,,,,,14.14
7931,EE_SHA,MKT,KG_HAB,IT,,,,1.24,1.11,1.12,1.13,1.18,1.28,0.92,1.25,1.28,,,10.51
7932,EE_SHA,MKT,KG_HAB,LI,,4.07,4.8,3.24,3.15,2.06,1.05,1.24,,,,,,,19.61
7933,EE_SHA,MKT,KG_HAB,LT,,1.02,1.04,1.22,0.92,0.78,0.75,0.73,0.69,0.62,1.13,1.07,0.74,0.72,11.430000000000001
7934,EE_SHA,MKT,KG_HAB,LU,,2.28,2.38,2.06,2.41,2.42,2.49,4.19,3.86,2.89,2.36,2.61,1.42,3.32,34.69
7935,EE_SHA,MKT,KG_HAB,LV,,0.95,0.82,0.78,0.74,0.73,0.58,0.55,0.57,0.5,0.85,1.1,,,8.17
7936,EE_SHA,MKT,KG_HAB,MT,,1.75,1.5,4.44,3.19,2.52,1.23,1.59,1.78,1.95,1.49,1.64,1.52,1.56,26.16
7937,EE_SHA,MKT,KG_HAB,NL,,2.2,2.15,2.03,1.95,1.93,1.68,,,,,,,,11.94
7938,EE_SHA,MKT,KG_HAB,NO,,2.92,2.87,2.91,3.15,3.44,3.33,3.29,3.18,2.84,2.71,2.74,2.98,2.05,38.41
7939,EE_SHA,MKT,KG_HAB,PL,,1.71,1.49,1.34,1.32,1.26,1.15,1.21,1.13,1.02,1.48,1.09,1.44,,15.639999999999999
7940,EE_SHA,MKT,KG_HAB,PT,,1.9,1.26,1.12,1.02,1.01,0.87,1.16,0.72,1.22,1.21,1.11,0.7,1.78,15.08
7941,EE_SHA,MKT,KG_HAB,RO,,,0.82,0.74,0.53,0.68,0.73,0.72,0.86,0.43,0.88,0.41,0.18,,6.98
7942,EE_SHA,MKT,KG_HAB,SE,,3.16,2.52,2.74,2.67,2.63,2.63,2.39,2.43,2.39,2.26,2.22,2.69,1.02,31.75
7943,EE_SHA,MKT,KG_HAB,SI,,1.36,1.39,1.42,1.35,1.14,1.17,1.27,1.09,0.98,1.15,1.44,0.88,,14.64
7944,EE_SHA,MKT,KG_HAB,SK,,1.4,1.33,1.12,1.19,1.02,0.98,0.92,0.88,0.78,0.92,0.75,0.72,0.57,12.58
7945,EE_SHA,MKT,KG_HAB,GB,,2.42,2.83,2.74,2.55,2.42,2.34,2.3,2.37,2.46,2.41,1.48,,,26.320000000000004
7979,EE_SHA,RCV,KG_HAB,AT,,1.04,0.91,0.92,0.92,0.82,0.79,0.73,0.65,0.6,0.6,0.47,0.43,0.1,8.979999999999999
7980,EE_SHA,RCV,KG_HAB,BE,,0.99,0.98,0.93,0.93,1.02,0.75,0.69,0.7,0.72,0.63,0.91,0.93,0.8,10.980000000000002
7981,EE_SHA,RCV,KG_HAB,BG,,0.68,0.57,0.68,0.44,0.19,0.27,0.36,0.38,0.36,0.38,0.13,,,4.44
7982,EE_SHA,RCV,KG_HAB,CY,,0.23,0.18,0.12,0.13,0.29,0.14,0.14,0.13,0.09,,,,,1.45
7983,EE_SHA,RCV,KG_HAB,CZ,,0.73,0.78,0.59,0.55,0.36,0.23,0.22,0.23,0.26,0.08,0.05,,,4.08
7984,EE_SHA,RCV,KG_HAB,DE,,1.7,1.67,1.39,1.52,1.11,0.93,0.91,0.85,1.51,0.92,0.59,0.47,,13.57
7985,EE_SHA,RCV,KG_HAB,DK,,0.98,0.93,0.95,0.93,0.89,0.85,1.13,0.62,0.97,0.86,0.96,0.28,,10.35
7986,EE_SHA,RCV,KG_HAB,EE,,0.53,0.34,0.31,0.25,0.15,0.13,0.26,0.3,0.18,0.11,0.05,,,2.61
7987,EE_SHA,RCV,KG_HAB,GR,,0.25,0.3,0.3,0.25,0.24,0.19,0.15,0.16,0.1,0.06,0.02,0.02,0.01,2.05
7988,EE_SHA,RCV,KG_HAB,ES,,0.49,0.49,0.35,0.21,0.2,0.13,0.16,0.08,0.08,0.07,0.04,0.01,,2.31
7989,EE_SHA,RCV,KG_HAB,EU27_2020,,0.79,0.72,0.63,0.61,0.46,,,,,,,,,3.21
7990,EE_SHA,RCV,KG_HAB,EU28,,0.78,0.73,0.65,0.59,,,,,,,,,,2.75
7991,EE_SHA,RCV,KG_HAB,FI,,0.47,0.39,0.42,0.45,0.55,0.31,0.28,0.21,0.33,0.26,0.21,0.2,0.08,4.16
7992,EE_SHA,RCV,KG_HAB,FR,,0.55,0.52,0.48,0.45,0.38,0.35,0.32,0.27,0.23,0.15,0.07,0.0,,3.7699999999999996
7993,EE_SHA,RCV,KG_HAB,HR,,0.15,0.16,0.08,0.08,0.06,0.09,,,,,,,,0.62
7994,EE_SHA,RCV,KG_HAB,HU,,0.5,0.5,0.54,0.53,0.54,0.38,0.27,0.24,0.27,0.26,0.16,0.1,0.04,4.33
7995,EE_SHA,RCV,KG_HAB,IE,,0.55,0.45,0.45,0.36,0.36,0.43,0.41,0.57,0.5,0.44,0.4,,,4.920000000000001
7996,EE_SHA,RCV,KG_HAB,IS,,0.73,0.48,0.41,0.09,0.27,0.27,0.15,0.13,0.11,,,,,2.6399999999999997
7997,EE_SHA,RCV,KG_HAB,IT,,,,0.4,0.31,0.0,,,,,,,,,0.71
7998,EE_SHA,RCV,KG_HAB,LI,,2.97,3.5,2.37,2.36,1.55,0.79,0.93,1.0,1.39,1.19,1.24,,,19.29
7999,EE_SHA,RCV,KG_HAB,LT,,0.26,0.28,0.36,0.38,0.3,0.22,0.16,0.14,0.13,0.21,0.2,0.08,0.0,2.72
8000,EE_SHA,RCV,KG_HAB,LU,,0.72,0.75,0.7,0.66,0.77,0.75,0.75,0.71,0.66,0.59,0.63,0.55,,8.24
8001,EE_SHA,RCV,KG_HAB,LV,,0.33,0.18,0.16,0.18,0.21,0.13,0.13,0.12,0.11,0.15,0.13,,,1.83
8002,EE_SHA,RCV,KG_HAB,MT,,0.25,0.64,0.04,0.04,0.04,0.05,0.05,0.1,0.0,0.0,0.0,0.0,0.0,1.2100000000000002
8003,EE_SHA,RCV,KG_HAB,NL,,1.12,0.75,0.73,0.58,0.43,0.41,0.5,0.4,0.29,0.48,0.48,0.41,0.38,6.96
8004,EE_SHA,RCV,KG_HAB,NO,,1.03,1.15,1.02,0.95,1.03,0.98,0.91,1.39,1.78,0.85,1.1,1.11,1.53,14.829999999999998
8005,EE_SHA,RCV,KG_HAB,PL,,0.5,0.48,0.4,0.38,0.35,0.35,0.33,0.2,0.19,0.03,0.01,0.0,,3.2199999999999998
8006,EE_SHA,RCV,KG_HAB,PT,,0.8,0.78,0.68,0.71,0.54,0.4,0.53,0.36,0.35,0.17,0.03,0.01,,5.359999999999999
8007,EE_SHA,RCV,KG_HAB,RO,,,0.05,0.06,0.05,0.04,0.04,0.03,0.04,0.04,0.01,0.0,0.0,,0.36
8008,EE_SHA,RCV,KG_HAB,SE,,0.85,0.68,0.5,0.55,0.52,0.47,0.71,0.87,0.74,0.71,1.05,1.02,0.38,9.05
8009,EE_SHA,RCV,KG_HAB,SI,,0.59,0.57,0.42,0.42,0.16,0.36,0.42,0.2,0.17,,,,,3.31
8010,EE_SHA,RCV,KG_HAB,SK,,0.39,0.35,0.39,0.32,0.32,0.32,0.3,0.27,0.23,0.19,0.13,0.07,0.03,3.309999999999999
8011,EE_SHA,RCV,KG_HAB,GB,,0.72,0.76,0.75,0.48,,,,,0.27,0.23,0.08,,,3.29
8078,EE_SHA,RCY_REU,KG_HAB,AT,,0.79,0.74,0.73,0.74,0.65,0.65,0.6,0.54,0.51,0.51,0.4,0.37,0.09,7.32
8079,EE_SHA,RCY_REU,KG_HAB,BE,,0.84,0.85,0.8,0.8,0.94,0.7,0.62,0.68,0.66,0.6,0.88,0.89,0.71,9.969999999999999
8080,EE_SHA,RCY_REU,KG_HAB,BG,,0.66,0.56,0.65,0.42,0.19,0.27,0.35,0.36,0.36,0.38,0.13,,,4.33
8081,EE_SHA,RCY_REU,KG_HAB,CY,,0.23,0.18,0.12,0.13,0.29,0.14,0.14,0.13,0.09,,,,,1.45
8082,EE_SHA,RCY_REU,KG_HAB,CZ,,0.68,0.76,0.56,0.53,0.36,0.23,0.21,0.22,0.25,0.08,0.04,,,3.9200000000000004
8083,EE_SHA,RCY_REU,KG_HAB,DE,,1.44,1.48,1.18,1.29,0.93,0.78,0.74,0.68,1.15,0.73,0.46,0.34,,11.200000000000001
8084,EE_SHA,RCY_REU,KG_HAB,DK,,0.96,0.92,0.9,0.87,0.82,0.79,1.06,0.54,0.87,0.81,0.86,0.24,,9.64
8085,EE_SHA,RCY_REU,KG_HAB,EE,,0.42,0.31,0.27,0.19,0.12,0.09,0.19,0.2,0.13,0.11,0.05,,,2.0799999999999996
8086,EE_SHA,RCY_REU,KG_HAB,GR,,0.22,0.29,0.3,0.25,0.24,0.19,0.15,0.16,0.1,0.06,0.02,0.02,0.01,2.01
8087,EE_SHA,RCY_REU,KG_HAB,ES,,0.48,0.46,0.31,0.2,0.18,0.12,0.15,0.06,0.07,0.05,0.04,0.01,,2.1299999999999994
8088,EE_SHA,RCY_REU,KG_HAB,EU27_2020,,0.7,0.66,0.56,0.54,,,,,,,,,,2.46
8089,EE_SHA,RCY_REU,KG_HAB,EU28,,0.7,0.66,0.58,0.53,,,,,,,,,,2.4699999999999998
8090,EE_SHA,RCY_REU,KG_HAB,FI,,0.46,0.38,0.42,0.45,0.54,0.3,0.26,0.2,0.28,0.25,0.2,0.19,0.08,4.01
8091,EE_SHA,RCY_REU,KG_HAB,FR,,0.51,0.48,0.45,0.42,0.35,0.31,0.3,0.25,0.21,0.14,0.06,0.0,,3.48
8092,EE_SHA,RCY_REU,KG_HAB,HR,,0.15,0.16,0.08,0.08,0.06,0.09,,,,,,,,0.62
8093,EE_SHA,RCY_REU,KG_HAB,HU,,0.5,0.5,0.51,0.53,0.54,0.38,0.26,0.24,0.27,0.26,0.15,0.1,0.04,4.28
8094,EE_SHA,RCY_REU,KG_HAB,IE,,0.46,0.36,0.38,0.33,0.32,0.41,0.41,0.55,0.48,0.38,0.4,,,4.48
8095,EE_SHA,RCY_REU,KG_HAB,IS,,0.73,0.48,0.41,0.09,0.24,0.23,0.12,0.1,0.09,,,,,2.4899999999999998
8096,EE_SHA,RCY_REU,KG_HAB,IT,,,,0.4,0.3,,,,,,,,,,0.7
8097,EE_SHA,RCY_REU,KG_HAB,LI,,2.97,3.5,2.37,2.36,1.55,0.79,0.93,1.0,1.39,1.19,1.24,,,19.29
8098,EE_SHA,RCY_REU,KG_HAB,LT,,0.23,0.25,0.33,0.37,0.27,0.2,0.14,0.13,0.12,0.17,0.17,0.05,0.0,2.4299999999999997
8099,EE_SHA,RCY_REU,KG_HAB,LU,,0.66,0.68,0.65,0.61,0.68,0.66,0.68,0.66,0.61,0.55,0.59,0.54,,7.57
8100,EE_SHA,RCY_REU,KG_HAB,LV,,0.33,0.18,0.16,0.18,0.21,0.13,0.13,0.12,0.11,0.15,0.13,,,1.83
8101,EE_SHA,RCY_REU,KG_HAB,MT,,0.25,0.64,0.04,0.04,0.04,0.05,0.05,0.1,0.0,0.0,0.0,0.0,0.0,1.2100000000000002
8102,EE_SHA,RCY_REU,KG_HAB,NL,,0.96,0.6,0.6,0.47,0.35,0.33,0.39,0.32,0.24,0.41,0.44,0.39,0.36,5.860000000000001
8103,EE_SHA,RCY_REU,KG_HAB,NO,,0.94,1.01,0.88,0.78,0.89,0.76,0.75,1.23,1.6,0.77,1.04,0.74,0.9,12.29
8104,EE_SHA,RCY_REU,KG_HAB,PL,,0.5,0.48,0.4,0.38,0.34,0.35,0.33,0.2,0.19,0.03,0.01,0.0,,3.2099999999999995
8105,EE_SHA,RCY_REU,KG_HAB,PT,,0.7,0.69,0.59,0.65,0.52,0.38,0.52,0.36,0.35,0.17,0.03,0.01,,4.97
8106,EE_SHA,RCY_REU,KG_HAB,RO,,,0.04,0.05,0.04,0.04,0.04,0.03,0.04,0.04,0.01,0.0,,,0.33
8107,EE_SHA,RCY_REU,KG_HAB,SE,,0.7,0.56,0.41,0.45,0.43,0.39,0.59,0.71,0.6,0.57,0.91,1.03,0.39,7.74
8108,EE_SHA,RCY_REU,KG_HAB,SI,,0.46,0.48,0.42,0.4,0.15,0.34,0.41,0.2,0.13,,,,,2.99
8109,EE_SHA,RCY_REU,KG_HAB,SK,,0.39,0.34,0.34,0.32,0.25,0.3,0.29,0.27,0.22,0.18,0.12,0.06,0.02,3.100000000000001
8110,EE_SHA,RCY_REU,KG_HAB,GB,,0.69,0.71,0.73,0.45,,,,,0.27,0.23,0.07,,,3.15
8177,EE_SHA,REU,KG_HAB,AT,,0.04,0.02,0.02,0.02,0.01,0.01,0.0,0.0,0.0,0.0,0.01,0.0,0.0,0.13
8178,EE_SHA,REU,KG_HAB,BE,,,,0.09,0.12,0.19,0.13,0.13,0.19,0.13,0.12,0.1,0.09,0.03,1.3200000000000003
8179,EE_SHA,REU,KG_HAB,BG,,,,,,0.0,0.0,,0.0,0.0,,,,,0.0
8180,EE_SHA,REU,KG_HAB,CY,,0.0,,0.0,0.0,0.0,,,0.0,0.0,,,,,0.0
8181,EE_SHA,REU,KG_HAB,DE,,0.07,0.05,0.0,0.0,0.0,0.0,0.0,0.0,0.01,0.01,0.01,0.01,,0.16000000000000003
8182,EE_SHA,REU,KG_HAB,DK,,0.0,0.0,0.0,0.0,0.0,,,,,,,,,0.0
8183,EE_SHA,REU,KG_HAB,EE,,,,0.0,,0.0,0.0,0.0,,,,,,,0.0
8184,EE_SHA,REU,KG_HAB,GR,,,,,,,0.0,0.0,0.0,0.0,0.0,0.0,0.0,0.0,0.0
8185,EE_SHA,REU,KG_HAB,ES,,,,,0.02,,0.0,0.0,0.0,0.0,,,,,0.02
8186,EE_SHA,REU,KG_HAB,FI,,0.01,0.0,0.01,0.01,0.01,0.01,0.0,0.0,0.0,0.0,0.0,0.0,0.0,0.05
8187,EE_SHA,REU,KG_HAB,FR,,0.01,0.0,0.0,0.0,0.0,0.0,0.0,0.0,0.0,0.0,0.0,0.0,,0.01
8188,EE_SHA,REU,KG_HAB,HR,,,,,0.0,,,,,,,,,,0.0
8189,EE_SHA,REU,KG_HAB,HU,,,,,,,,,0.01,,,,,,0.01
8190,EE_SHA,REU,KG_HAB,IE,,0.0,,0.0,,0.0,0.0,0.01,0.0,0.0,0.0,,,,0.01
8191,EE_SHA,REU,KG_HAB,IS,,0.0,,0.0,,0.0,,,0.0,0.0,,,,,0.0
8192,EE_SHA,REU,KG_HAB,LI,,,,,,,,,0.0,0.0,0.0,0.0,,,0.0
8193,EE_SHA,REU,KG_HAB,LU,,,,,0.0,,,,,,,,,,0.0
8194,EE_SHA,REU,KG_HAB,LV,,0.0,0.0,,,0.0,0.0,0.0,0.0,0.0,0.0,0.0,,,0.0
8195,EE_SHA,REU,KG_HAB,MT,,,,,,,0.0,0.0,0.0,0.0,0.0,0.0,0.0,0.0,0.0
8196,EE_SHA,REU,KG_HAB,NL,,,0.0,0.0,0.0,0.0,0.0,,,,0.0,,,,0.0
8197,EE_SHA,REU,KG_HAB,NO,,0.0,0.0,,0.0,,0.0,0.0,0.0,0.0,0.0,0.0,0.0,0.0,0.0
8198,EE_SHA,REU,KG_HAB,PL,,0.0,0.0,0.0,0.0,0.0,0.0,0.0,0.0,0.0,0.0,0.0,0.0,,0.0
8199,EE_SHA,REU,KG_HAB,PT,,0.01,0.0,,0.0,0.0,0.0,0.0,0.0,,0.0,0.0,,,0.01
8200,EE_SHA,REU,KG_HAB,SE,,0.0,0.0,0.0,,0.0,,0.0,0.0,0.0,,,0.0,0.0,0.0
8201,EE_SHA,REU,KG_HAB,SI,,,0.0,,,,0.0,0.0,,,,,,,0.0
8202,EE_SHA,REU,KG_HAB,SK,,,,,,,0.0,0.0,0.0,0.0,0.0,0.0,0.0,0.0,0.0
8203,EE_SHA,REU,KG_HAB,GB,,0.0,0.01,0.0,0.0,0.01,0.01,0.01,0.01,0.0,0.0,0.0,,,0.05
8495,EE_TLS,COL,KG_HAB,AT,,0.01,0.01,0.01,0.01,0.01,0.01,0.01,0.01,0.01,0.01,0.01,0.01,0.0,0.11999999999999998
8496,EE_TLS,COL,KG_HAB,BE,,0.05,0.05,0.04,0.04,0.03,0.03,0.06,0.02,0.01,0.01,0.0,,,0.3400000000000001
8497,EE_TLS,COL,KG_HAB,BG,,0.03,0.06,0.05,0.05,0.02,0.04,0.02,0.03,0.01,,,,,0.31000000000000005
8498,EE_TLS,COL,KG_HAB,CY,,0.01,0.0,0.0,0.0,0.0,0.01,0.01,0.01,0.01,0.0,0.0,,,0.05
8499,EE_TLS,COL,KG_HAB,CZ,,0.05,0.06,0.02,0.03,0.03,0.03,0.02,0.02,0.02,0.01,0.01,,,0.30000000000000004
8500,EE_TLS,COL,KG_HAB,DE,,0.08,0.08,0.08,0.12,0.12,0.04,0.04,0.05,0.13,0.09,0.05,0.06,,0.9400000000000002
8501,EE_TLS,COL,KG_HAB,DK,,0.05,0.05,0.09,0.1,0.04,0.06,0.07,0.12,0.16,0.12,0.23,0.07,,1.1600000000000001
8502,EE_TLS,COL,KG_HAB,EE,,0.0,0.0,0.01,0.04,0.01,0.01,0.01,0.01,0.01,0.01,0.0,0.0,,0.10999999999999999
8503,EE_TLS,COL,KG_HAB,GR,,0.01,0.02,0.02,0.03,0.02,0.03,0.02,0.02,0.04,0.03,0.02,0.01,0.0,0.27
8504,EE_TLS,COL,KG_HAB,ES,,0.08,0.06,0.04,0.05,0.05,0.06,0.07,0.06,0.07,0.08,0.08,0.0,,0.7
8505,EE_TLS,COL,KG_HAB,EU27_2020,,0.05,0.05,0.04,0.05,0.05,0.04,0.04,,,,,,,0.32
8506,EE_TLS,COL,KG_HAB,EU28,,0.05,0.05,0.04,0.05,0.04,0.04,0.04,,,,,,,0.31
8507,EE_TLS,COL,KG_HAB,FI,,0.03,0.02,0.03,0.03,0.03,0.02,0.03,0.02,0.0,0.0,0.0,0.0,0.0,0.21
8508,EE_TLS,COL,KG_HAB,FR,,0.04,0.04,0.04,0.03,0.02,0.02,0.02,0.02,0.01,0.01,0.0,0.0,,0.25
8509,EE_TLS,COL,KG_HAB,HR,,0.01,0.01,0.02,0.03,0.0,0.01,0.02,,,,,,,0.1
8510,EE_TLS,COL,KG_HAB,HU,,0.01,0.01,0.01,0.01,0.01,0.06,0.01,0.0,0.01,0.0,0.0,0.01,0.0,0.14
8511,EE_TLS,COL,KG_HAB,IE,,0.06,0.03,0.01,0.01,0.01,0.01,0.02,0.01,0.0,0.01,0.01,,,0.18000000000000005
8512,EE_TLS,COL,KG_HAB,IS,,0.03,0.01,0.02,0.0,0.0,0.01,0.01,0.03,0.0,,,,,0.11
8513,EE_TLS,COL,KG_HAB,IT,,,,0.01,0.01,0.0,0.0,0.0,0.0,0.0,0.0,0.0,,,0.02
8514,EE_TLS,COL,KG_HAB,LI,,,,,,,0.0,0.0,0.0,0.0,,,,,0.0
8515,EE_TLS,COL,KG_HAB,LT,,0.03,0.03,0.02,0.03,0.03,0.02,0.05,0.04,0.04,0.06,0.05,0.02,0.01,0.43
8516,EE_TLS,COL,KG_HAB,LU,,0.11,0.11,0.1,0.1,0.04,0.04,0.05,0.05,0.14,0.13,0.03,0.09,,0.9900000000000001
8517,EE_TLS,COL,KG_HAB,LV,,0.05,0.03,0.05,0.1,0.1,0.1,0.17,0.05,0.38,0.14,0.11,,,1.2800000000000005
8518,EE_TLS,COL,KG_HAB,MT,,0.0,0.0,0.0,0.0,0.0,0.0,0.0,0.0,0.0,0.0,0.0,0.0,0.0,0.0
8519,EE_TLS,COL,KG_HAB,NL,,0.05,0.06,0.05,0.03,0.03,0.04,0.05,0.03,0.0,0.02,0.02,0.02,0.03,0.43000000000000005
8520,EE_TLS,COL,KG_HAB,NO,,0.14,0.14,0.12,0.11,0.13,0.09,0.1,0.1,0.13,0.12,0.38,0.06,0.04,1.6600000000000001
8521,EE_TLS,COL,KG_HAB,PL,,0.1,0.08,0.09,0.06,0.07,0.09,0.07,0.04,0.05,0.01,0.0,0.0,,0.6600000000000001
8522,EE_TLS,COL,KG_HAB,PT,,0.01,0.01,0.01,0.01,0.01,0.02,0.03,0.01,0.01,0.01,0.02,0.0,,0.15
8523,EE_TLS,COL,KG_HAB,RO,,,0.01,0.01,0.0,0.0,0.0,0.0,0.0,0.01,0.0,0.0,0.0,,0.03
8524,EE_TLS,COL,KG_HAB,SE,,0.07,0.08,0.09,0.08,0.08,0.07,0.07,0.07,0.07,0.03,0.01,0.08,0.03,0.8300000000000002
8525,EE_TLS,COL,KG_HAB,SI,,0.03,0.01,0.01,0.02,0.02,0.02,0.01,0.01,0.01,0.01,0.01,,,0.16000000000000003
8526,EE_TLS,COL,KG_HAB,SK,,0.03,0.02,0.01,0.03,0.02,0.04,0.04,0.01,0.0,0.0,0.0,0.0,0.0,0.2
8527,EE_TLS,COL,KG_HAB,GB,,0.04,0.04,0.04,0.03,0.03,0.04,0.05,0.01,0.01,0.01,0.01,,,0.31000000000000005
8689,EE_TLS,MKT,KG_HAB,AT,,0.39,0.42,0.38,0.32,0.26,0.27,0.3,0.33,0.3,0.31,0.28,0.28,0.1,3.94
8690,EE_TLS,MKT,KG_HAB,BE,,0.61,0.6,0.54,0.44,0.36,0.43,0.49,0.54,0.36,0.18,0.24,,,4.79
8691,EE_TLS,MKT,KG_HAB,BG,,0.05,0.06,0.05,0.09,0.08,0.07,0.04,0.03,0.07,,,,,0.54
8692,EE_TLS,MKT,KG_HAB,CY,,0.14,0.11,0.08,0.1,0.11,0.27,0.16,0.24,0.12,0.15,0.12,0.14,0.18,1.9200000000000002
8693,EE_TLS,MKT,KG_HAB,CZ,,0.48,0.37,0.26,0.29,0.24,0.34,0.34,0.27,0.32,0.38,0.35,,,3.6399999999999997
8694,EE_TLS,MKT,KG_HAB,DE,,0.78,0.65,0.63,0.54,0.5,0.51,0.49,0.62,0.48,0.44,0.99,0.31,,6.9399999999999995
8695,EE_TLS,MKT,KG_HAB,DK,,0.55,0.54,0.64,0.62,0.56,0.64,0.66,0.84,0.71,0.46,0.36,0.38,,6.960000000000001
8696,EE_TLS,MKT,KG_HAB,EE,,0.09,0.05,0.02,0.03,0.02,0.03,0.03,0.03,0.03,0.02,0.02,0.02,,0.3900000000000001
8697,EE_TLS,MKT,KG_HAB,GR,,0.18,0.1,0.09,0.16,0.09,0.17,0.18,0.28,0.25,0.11,0.09,0.09,0.11,1.9000000000000004
8698,EE_TLS,MKT,KG_HAB,ES,,0.43,0.37,0.34,0.31,0.27,0.27,0.34,0.42,0.38,0.49,0.61,0.25,,4.48
8699,EE_TLS,MKT,KG_HAB,EU27_2020,,0.52,0.47,0.43,0.39,0.37,0.36,0.39,,,,,,,2.9299999999999997
8700,EE_TLS,MKT,KG_HAB,EU28,,0.57,0.53,0.48,0.44,0.42,0.42,0.44,,,,,,,3.3
8701,EE_TLS,MKT,KG_HAB,FI,,0.23,0.21,0.18,0.23,0.22,0.27,0.37,0.56,0.5,0.69,0.41,0.37,0.12,4.36
8702,EE_TLS,MKT,KG_HAB,FR,,1.05,0.97,0.87,0.78,0.77,0.68,0.76,0.76,0.73,0.86,0.81,0.6,,9.639999999999999
8703,EE_TLS,MKT,KG_HAB,HR,,0.15,0.17,0.13,0.07,0.06,0.05,0.1,,,,,,,0.7300000000000001
8704,EE_TLS,MKT,KG_HAB,HU,,0.08,0.07,0.06,0.08,0.07,0.06,0.13,0.11,0.08,0.12,0.14,0.07,0.05,1.12
8705,EE_TLS,MKT,KG_HAB,IE,,0.48,0.51,0.51,0.38,0.57,0.28,0.42,0.52,0.52,0.6,0.58,,,5.369999999999999
8706,EE_TLS,MKT,KG_HAB,IS,,0.12,0.09,0.07,0.03,0.08,0.23,0.27,0.28,0.21,,,,,1.38
8707,EE_TLS,MKT,KG_HAB,IT,,,,0.34,0.33,0.33,0.34,0.38,0.34,0.33,0.48,0.48,,,3.35
8708,EE_TLS,MKT,KG_HAB,LT,,0.12,0.1,0.11,0.09,0.09,0.08,0.11,0.1,0.11,0.21,0.2,0.1,0.1,1.52
8709,EE_TLS,MKT,KG_HAB,LU,,0.44,0.33,0.29,0.3,0.23,0.35,1.03,0.76,0.6,0.6,0.65,0.35,0.21,6.139999999999999
8710,EE_TLS,MKT,KG_HAB,LV,,0.14,0.14,0.21,0.24,0.18,0.13,0.13,0.08,0.38,0.3,0.33,,,2.26
8711,EE_TLS,MKT,KG_HAB,MT,,0.28,0.29,0.09,0.58,0.66,0.61,0.72,0.64,0.74,0.84,0.28,0.34,0.33,6.4
8712,EE_TLS,MKT,KG_HAB,NL,,0.37,0.25,0.21,0.18,0.19,0.21,,,,,,,,1.41
8713,EE_TLS,MKT,KG_HAB,NO,,0.98,1.04,0.95,0.95,0.59,0.64,0.81,0.9,0.87,0.63,0.64,0.81,1.04,10.850000000000001
8714,EE_TLS,MKT,KG_HAB,PL,,0.33,0.3,0.24,0.22,0.19,0.22,0.21,0.19,0.16,0.19,0.18,0.29,,2.72
8715,EE_TLS,MKT,KG_HAB,PT,,0.19,0.14,0.12,0.12,0.12,0.15,0.26,0.21,0.29,0.23,0.27,0.2,0.15,2.45
8716,EE_TLS,MKT,KG_HAB,RO,,,0.11,0.08,0.05,0.03,0.04,0.04,0.05,0.03,0.02,0.06,0.02,,0.53
8717,EE_TLS,MKT,KG_HAB,SE,,0.49,0.61,0.51,0.64,0.8,0.57,0.64,0.64,0.4,0.48,0.58,0.18,0.07,6.609999999999999
8718,EE_TLS,MKT,KG_HAB,SI,,0.21,0.27,0.31,0.25,0.23,0.2,0.25,0.24,0.2,0.19,0.32,0.11,,2.78
8719,EE_TLS,MKT,KG_HAB,SK,,0.32,0.17,0.07,0.12,0.1,0.08,0.08,0.1,0.08,0.09,0.02,0.1,0.04,1.3700000000000003
8720,EE_TLS,MKT,KG_HAB,GB,,0.84,0.92,0.85,0.81,0.73,0.79,0.81,0.99,0.78,0.93,0.62,,,9.07
8753,EE_TLS,RCV,KG_HAB,AT,,0.01,0.01,0.01,0.01,0.01,0.01,0.01,0.01,0.01,0.01,0.0,0.0,0.0,0.09999999999999999
8754,EE_TLS,RCV,KG_HAB,BE,,0.05,0.04,0.03,0.03,0.02,0.03,0.05,0.02,0.01,0.01,0.0,,,0.29000000000000004
8755,EE_TLS,RCV,KG_HAB,BG,,0.03,0.06,0.05,0.04,0.01,0.04,0.01,0.02,0.01,,,,,0.27
8756,EE_TLS,RCV,KG_HAB,CY,,0.0,0.0,0.0,0.0,0.0,0.01,0.01,0.01,0.01,,,,,0.04
8757,EE_TLS,RCV,KG_HAB,CZ,,0.04,0.05,0.02,0.01,0.03,0.03,0.02,0.02,0.01,0.0,0.0,,,0.23
8758,EE_TLS,RCV,KG_HAB,DE,,0.08,0.08,0.07,0.12,0.09,0.04,0.04,0.04,0.12,0.09,0.05,0.05,,0.8700000000000001
8759,EE_TLS,RCV,KG_HAB,DK,,0.04,0.04,0.09,0.11,0.03,0.06,0.07,0.11,0.15,0.1,0.18,0.05,,1.03
8760,EE_TLS,RCV,KG_HAB,EE,,0.0,0.0,0.01,0.04,0.01,0.0,0.01,0.01,0.01,0.01,0.0,,,0.09999999999999999
8761,EE_TLS,RCV,KG_HAB,GR,,0.01,0.01,0.01,0.02,0.01,0.02,0.01,0.02,0.03,0.01,0.01,0.01,0.0,0.17000000000000004
8762,EE_TLS,RCV,KG_HAB,ES,,0.07,0.05,0.04,0.04,0.05,0.05,0.06,0.05,0.05,0.05,0.05,0.0,,0.56
8763,EE_TLS,RCV,KG_HAB,EU27_2020,,0.04,0.04,0.04,0.04,,,,,,,,,,0.16
8764,EE_TLS,RCV,KG_HAB,EU28,,0.04,0.04,0.04,0.04,,,,,,,,,,0.16
8765,EE_TLS,RCV,KG_HAB,FI,,0.03,0.02,0.03,0.03,0.03,0.01,0.02,0.02,0.0,0.0,0.0,0.0,0.0,0.18999999999999997
8766,EE_TLS,RCV,KG_HAB,FR,,0.04,0.04,0.04,0.02,0.02,0.02,0.02,0.01,0.01,0.0,0.0,0.0,,0.22000000000000003
8767,EE_TLS,RCV,KG_HAB,HR,,0.01,0.01,0.02,0.03,0.01,0.01,,,,,,,,0.09
8768,EE_TLS,RCV,KG_HAB,HU,,0.01,0.01,0.01,0.01,0.01,0.01,0.01,0.0,0.01,0.0,0.0,0.01,0.0,0.09
8769,EE_TLS,RCV,KG_HAB,IE,,0.05,0.02,0.01,0.01,0.01,0.01,0.02,0.01,0.0,0.0,0.0,,,0.14
8770,EE_TLS,RCV,KG_HAB,IS,,0.03,0.01,0.02,0.0,0.0,0.02,0.02,0.01,0.0,,,,,0.11
8771,EE_TLS,RCV,KG_HAB,IT,,,,0.01,0.0,,,,,,,,,,0.01
8772,EE_TLS,RCV,KG_HAB,LT,,0.03,0.03,0.01,0.02,0.03,0.02,0.03,0.02,0.02,0.04,0.03,0.01,0.01,0.30000000000000004
8773,EE_TLS,RCV,KG_HAB,LU,,0.1,0.1,0.09,0.09,0.04,0.04,0.04,0.04,0.11,0.1,0.03,0.08,,0.86
8774,EE_TLS,RCV,KG_HAB,LV,,0.04,0.03,0.04,0.09,0.07,0.08,0.08,0.04,0.23,0.05,0.05,,,0.8000000000000002
8775,EE_TLS,RCV,KG_HAB,MT,,0.0,0.0,0.0,0.0,0.0,0.0,0.0,0.0,0.0,0.0,0.0,0.0,0.0,0.0
8776,EE_TLS,RCV,KG_HAB,NL,,0.05,0.06,0.05,0.03,0.03,0.04,0.05,0.03,0.0,0.02,0.02,0.01,0.02,0.41000000000000003
8777,EE_TLS,RCV,KG_HAB,NO,,0.12,0.14,0.12,0.11,0.13,0.09,0.09,0.08,0.11,0.11,0.26,0.04,0.06,1.4600000000000002
8778,EE_TLS,RCV,KG_HAB,PL,,0.08,0.08,0.07,0.06,0.07,0.06,0.07,0.04,0.03,0.0,0.0,0.0,,0.56
8779,EE_TLS,RCV,KG_HAB,PT,,0.01,0.01,0.01,0.01,0.01,0.02,0.03,0.01,0.01,0.0,0.01,0.0,,0.13
8780,EE_TLS,RCV,KG_HAB,RO,,,0.0,0.0,0.0,0.0,0.0,0.0,0.0,0.0,0.0,0.0,0.0,,0.0
8781,EE_TLS,RCV,KG_HAB,SE,,0.06,0.07,0.07,0.06,0.06,0.06,0.06,0.06,0.05,0.02,0.01,0.01,0.0,0.5900000000000001
8782,EE_TLS,RCV,KG_HAB,SI,,0.03,0.01,0.01,0.02,0.01,0.02,0.01,0.01,0.01,,,,,0.13
8783,EE_TLS,RCV,KG_HAB,SK,,0.03,0.02,0.03,0.02,0.02,0.03,0.04,0.0,0.0,0.0,0.0,0.0,0.0,0.19
8784,EE_TLS,RCV,KG_HAB,GB,,0.03,0.04,0.04,0.03,,,,,0.01,0.01,0.0,,,0.16000000000000003
8849,EE_TLS,RCY_REU,KG_HAB,AT,,0.01,0.01,0.01,0.01,0.01,0.01,0.01,0.01,0.01,0.01,0.0,0.0,0.0,0.09999999999999999
8850,EE_TLS,RCY_REU,KG_HAB,BE,,0.04,0.03,0.02,0.03,0.02,0.02,0.04,0.02,0.01,0.01,0.0,,,0.24000000000000002
8851,EE_TLS,RCY_REU,KG_HAB,BG,,0.03,0.06,0.05,0.04,0.01,0.04,0.01,0.02,0.01,,,,,0.27
8852,EE_TLS,RCY_REU,KG_HAB,CY,,0.0,0.0,0.0,0.0,0.0,0.01,0.01,0.01,0.01,,,,,0.04
8853,EE_TLS,RCY_REU,KG_HAB,CZ,,0.04,0.05,0.02,0.01,0.03,0.03,0.02,0.02,0.01,0.0,0.0,,,0.23
8854,EE_TLS,RCY_REU,KG_HAB,DE,,0.07,0.07,0.06,0.11,0.07,0.03,0.04,0.03,0.11,0.07,0.04,0.04,,0.74
8855,EE_TLS,RCY_REU,KG_HAB,DK,,0.04,0.04,0.08,0.1,0.03,0.05,0.06,0.1,0.14,0.1,0.16,0.04,,0.9400000000000001
8856,EE_TLS,RCY_REU,KG_HAB,EE,,0.0,0.0,0.0,0.03,0.0,0.0,0.01,0.01,0.0,0.01,0.0,,,0.060000000000000005
8857,EE_TLS,RCY_REU,KG_HAB,GR,,0.01,0.01,0.01,0.02,0.01,0.02,0.01,0.02,0.03,0.01,0.01,0.01,0.0,0.17000000000000004
8858,EE_TLS,RCY_REU,KG_HAB,ES,,0.07,0.05,0.03,0.04,0.03,0.05,0.06,0.04,0.05,0.05,0.05,0.0,,0.52
8859,EE_TLS,RCY_REU,KG_HAB,EU27_2020,,0.04,0.04,0.03,0.04,,,,,,,,,,0.15000000000000002
8860,EE_TLS,RCY_REU,KG_HAB,EU28,,0.04,0.04,0.03,0.04,,,,,,,,,,0.15000000000000002
8861,EE_TLS,RCY_REU,KG_HAB,FI,,0.03,0.02,0.03,0.03,0.03,0.01,0.02,0.02,0.0,0.0,0.0,0.0,0.0,0.18999999999999997
8862,EE_TLS,RCY_REU,KG_HAB,FR,,0.03,0.03,0.03,0.02,0.02,0.02,0.01,0.01,0.01,0.0,0.0,0.0,,0.18000000000000002
8863,EE_TLS,RCY_REU,KG_HAB,HR,,0.01,0.01,0.02,0.03,0.01,0.01,,,,,,,,0.09
8864,EE_TLS,RCY_REU,KG_HAB,HU,,0.01,0.01,0.01,0.01,0.01,0.01,0.01,0.0,0.01,0.0,0.0,0.01,0.0,0.09
8865,EE_TLS,RCY_REU,KG_HAB,IE,,0.04,0.02,0.01,0.01,0.01,0.01,0.02,0.01,0.0,0.0,0.0,,,0.13
8866,EE_TLS,RCY_REU,KG_HAB,IS,,0.03,0.01,0.02,0.0,0.0,0.02,0.02,0.01,0.0,,,,,0.11
8867,EE_TLS,RCY_REU,KG_HAB,IT,,,,0.01,0.0,,,,,,,,,,0.01
8868,EE_TLS,RCY_REU,KG_HAB,LT,,0.02,0.02,0.01,0.02,0.02,0.01,0.02,0.02,0.02,0.03,0.02,0.01,0.0,0.22
8869,EE_TLS,RCY_REU,KG_HAB,LU,,0.09,0.09,0.09,0.08,0.04,0.03,0.04,0.03,0.1,0.09,0.02,0.07,,0.77
8870,EE_TLS,RCY_REU,KG_HAB,LV,,0.04,0.03,0.04,0.09,0.07,0.08,0.08,0.04,0.23,0.05,0.05,,,0.8000000000000002
8871,EE_TLS,RCY_REU,KG_HAB,MT,,0.0,0.0,0.0,0.0,0.0,0.0,0.0,0.0,0.0,0.0,0.0,0.0,0.0,0.0
8872,EE_TLS,RCY_REU,KG_HAB,NL,,0.04,0.04,0.04,0.02,0.02,0.03,0.04,0.02,0.0,0.02,0.02,0.01,0.02,0.32000000000000006
8873,EE_TLS,RCY_REU,KG_HAB,NO,,0.11,0.12,0.11,0.09,0.11,0.07,0.07,0.07,0.1,0.09,0.24,0.03,0.04,1.25
8874,EE_TLS,RCY_REU,KG_HAB,PL,,0.08,0.08,0.07,0.06,0.07,0.06,0.06,0.04,0.03,0.0,0.0,0.0,,0.55
8875,EE_TLS,RCY_REU,KG_HAB,PT,,0.01,0.01,0.01,0.01,0.01,0.02,0.03,0.01,0.01,0.0,0.01,0.0,,0.13
8876,EE_TLS,RCY_REU,KG_HAB,RO,,,0.0,0.0,0.0,0.0,0.0,0.0,0.0,0.0,0.0,0.0,,,0.0
8877,EE_TLS,RCY_REU,KG_HAB,SE,,0.05,0.06,0.06,0.05,0.05,0.05,0.05,0.05,0.05,0.02,0.01,0.01,0.0,0.51
8878,EE_TLS,RCY_REU,KG_HAB,SI,,0.03,0.01,0.01,0.02,0.01,0.02,0.01,0.01,0.01,,,,,0.13
8879,EE_TLS,RCY_REU,KG_HAB,SK,,0.03,0.02,0.02,0.02,0.02,0.03,0.04,0.0,0.0,0.0,0.0,0.0,0.0,0.18000000000000002
8880,EE_TLS,RCY_REU,KG_HAB,GB,,0.03,0.04,0.04,0.03,,,,,0.01,0.01,0.0,,,0.16000000000000003
8945,EE_TLS,REU,KG_HAB,AT,,0.0,0.0,0.0,0.0,0.0,0.0,0.0,0.0,0.0,0.0,0.0,0.0,0.0,0.0
8946,EE_TLS,REU,KG_HAB,BE,,,,0.0,0.0,0.0,0.0,0.0,0.0,0.0,0.0,0.0,,,0.0
8947,EE_TLS,REU,KG_HAB,BG,,,,,,0.0,,,0.0,0.0,,,,,0.0
8948,EE_TLS,REU,KG_HAB,CY,,0.0,,0.0,0.0,,,,0.0,0.0,,,,,0.0
8949,EE_TLS,REU,KG_HAB,DE,,0.0,0.0,0.0,0.04,0.03,0.0,0.0,0.01,0.0,0.0,0.0,0.0,,0.08
8950,EE_TLS,REU,KG_HAB,DK,,0.0,0.0,0.0,0.0,0.0,,,,,,,,,0.0
8951,EE_TLS,REU,KG_HAB,EE,,,,0.0,,0.0,0.0,0.0,,,,,,,0.0
8952,EE_TLS,REU,KG_HAB,GR,,,,,,,0.0,0.0,0.0,0.0,0.0,0.0,0.0,0.0,0.0
8953,EE_TLS,REU,KG_HAB,ES,,,,,0.0,,0.0,0.0,0.0,0.0,,,,,0.0
8954,EE_TLS,REU,KG_HAB,FI,,0.0,0.0,0.0,0.0,0.0,0.0,0.0,0.0,0.0,0.0,0.0,0.0,0.0,0.0
8955,EE_TLS,REU,KG_HAB,FR,,0.0,0.0,0.0,0.0,0.0,0.0,0.0,0.0,0.0,0.0,0.0,0.0,,0.0
8956,EE_TLS,REU,KG_HAB,HR,,,,,0.0,,,,,,,,,,0.0
8957,EE_TLS,REU,KG_HAB,HU,,,,,,,,,0.0,,,,,,0.0
8958,EE_TLS,REU,KG_HAB,IE,,0.0,,0.0,,0.0,0.0,0.0,0.0,0.0,0.0,,,,0.0
8959,EE_TLS,REU,KG_HAB,IS,,0.0,,0.0,,0.0,,,0.0,0.0,,,,,0.0
8960,EE_TLS,REU,KG_HAB,LU,,,,,0.0,,,,,,,,,,0.0
8961,EE_TLS,REU,KG_HAB,LV,,0.0,0.0,,0.03,0.03,0.02,0.08,0.0,0.11,0.07,0.06,,,0.4
8962,EE_TLS,REU,KG_HAB,MT,,,,,,,0.0,0.0,0.0,0.0,0.0,0.0,0.0,0.0,0.0
8963,EE_TLS,REU,KG_HAB,NL,,,0.0,0.0,0.0,0.0,0.0,,,,0.0,,,,0.0
8964,EE_TLS,REU,KG_HAB,NO,,0.0,0.0,,0.0,,0.0,0.0,0.0,0.0,0.0,0.0,0.0,0.0,0.0
8965,EE_TLS,REU,KG_HAB,PL,,0.0,0.0,0.0,0.0,0.0,0.0,0.0,0.0,0.0,0.0,0.0,0.0,,0.0
8966,EE_TLS,REU,KG_HAB,PT,,0.0,0.0,,0.0,0.0,0.0,0.0,,,0.0,0.0,,,0.0
8967,EE_TLS,REU,KG_HAB,SE,,0.0,0.0,0.0,,0.0,,0.0,0.0,0.0,,,0.0,0.0,0.0
8968,EE_TLS,REU,KG_HAB,SI,,,0.0,,,,0.0,0.0,,,,,,,0.0
8969,EE_TLS,REU,KG_HAB,SK,,,,,,,0.0,0.0,0.0,0.0,0.0,0.0,0.0,0.0,0.0
8970,EE_TLS,REU,KG_HAB,GB,,0.0,0.0,0.0,0.0,0.0,0.0,0.01,0.0,0.0,0.0,0.0,,,0.01
9292,TOTAL,COL,KG_HAB,AT,,13.24,9.7,9.28,9.09,9.06,9.18,8.99,8.88,9.06,8.98,7.78,7.57,2.35,113.16
9293,TOTAL,COL,KG_HAB,BE,,10.9,11.27,10.51,10.38,10.79,10.49,10.42,9.69,9.54,8.32,7.7,7.22,6.5,123.72999999999998
9294,TOTAL,COL,KG_HAB,BG,,7.7,8.63,8.64,5.86,4.84,5.26,5.5,6.09,4.49,5.39,2.94,,,65.34000000000002
9295,TOTAL,COL,KG_HAB,CY,,5.46,3.16,3.5,2.69,2.65,2.91,3.2,3.15,2.84,3.05,3.28,6.01,4.72,46.62
9296,TOTAL,COL,KG_HAB,CZ,,10.07,10.13,7.04,5.57,5.16,5.11,5.28,5.06,5.57,4.36,3.24,,,66.59
9297,TOTAL,COL,KG_HAB,DE,,10.13,9.5,8.84,8.93,9.03,8.59,8.85,9.5,10.16,8.45,7.13,9.15,,108.26
9298,TOTAL,COL,KG_HAB,DK,,12.1,12.43,12.75,12.68,12.84,13.63,15.14,14.95,15.28,14.13,18.0,11.08,,165.01000000000002
9299,TOTAL,COL,KG_HAB,EE,,6.96,6.76,5.65,4.61,3.53,4.13,4.98,4.23,3.6,4.61,4.62,4.35,,58.03000000000001
9300,TOTAL,COL,KG_HAB,GR,,5.19,4.98,4.53,4.17,3.49,3.37,3.81,4.18,5.95,4.26,2.84,1.03,0.07,47.87
9301,TOTAL,COL,KG_HAB,ES,,6.16,5.38,4.97,3.98,4.49,3.38,3.29,3.39,2.96,6.44,6.14,3.58,,54.16
9302,TOTAL,COL,KG_HAB,EU27_2020,,8.43,8.0,7.26,6.68,6.86,6.74,6.9,6.91,,,,,,57.78
9303,TOTAL,COL,KG_HAB,EU28,,9.04,8.87,7.63,6.86,6.96,6.88,7.06,7.0,,,,,,60.3
9304,TOTAL,COL,KG_HAB,FI,,11.87,10.96,11.41,12.09,10.65,9.78,9.75,9.48,9.97,10.28,9.2,7.53,3.08,126.05000000000001
9305,TOTAL,COL,KG_HAB,FR,,11.1,10.82,9.28,7.88,7.29,7.19,7.22,6.69,6.1,4.69,2.74,0.24,,81.23999999999998
9306,TOTAL,COL,KG_HAB,HR,,8.82,9.3,5.65,3.66,3.53,3.79,4.09,,,,,,,38.84
9307,TOTAL,COL,KG_HAB,HU,,6.46,5.97,5.3,5.25,5.03,4.46,3.72,4.05,4.66,4.47,3.54,2.39,1.54,56.83999999999999
9308,TOTAL,COL,KG_HAB,IE,,10.88,10.79,10.34,9.64,9.22,8.95,8.65,9.74,9.88,11.16,11.71,,,110.95999999999998
9309,TOTAL,COL,KG_HAB,IS,,17.06,13.38,13.82,10.49,7.63,7.72,6.05,5.0,3.22,,,,,84.37
9310,TOTAL,COL,KG_HAB,IT,,,,5.67,5.17,7.26,8.35,9.17,9.83,8.82,7.62,8.0,1.15,1.05,72.08999999999999
9311,TOTAL,COL,KG_HAB,LI,,12.37,13.91,11.42,8.27,7.85,3.81,4.35,1.7,1.72,1.39,1.44,,,68.22999999999999
9312,TOTAL,COL,KG_HAB,LT,,4.7,4.54,5.6,7.57,5.46,4.77,3.91,2.88,2.21,3.69,3.61,2.85,0.81,52.6
9313,TOTAL,COL,KG_HAB,LU,,10.17,10.64,10.36,9.92,9.53,9.44,9.62,9.51,9.68,8.68,8.58,8.14,,114.27000000000001
9314,TOTAL,COL,KG_HAB,LV,,4.81,2.47,2.47,2.47,2.4,2.31,2.26,2.04,2.32,2.99,2.96,,,29.5
9315,TOTAL,COL,KG_HAB,MT,,6.31,5.37,4.46,3.85,4.0,3.59,3.76,3.7,2.89,0.42,0.53,0.65,0.37,39.9
9316,TOTAL,COL,KG_HAB,NL,,9.97,9.08,8.57,8.41,6.99,7.38,7.92,7.71,6.56,6.28,5.99,5.78,5.5,96.14
9317,TOTAL,COL,KG_HAB,NO,,18.73,19.6,20.35,20.87,20.66,20.9,22.17,22.04,23.89,23.83,23.29,21.8,21.63,279.75999999999993
9318,TOTAL,COL,KG_HAB,PL,,6.49,6.13,5.24,4.55,4.51,4.61,3.77,2.95,2.8,1.48,0.71,0.45,,43.69
9319,TOTAL,COL,KG_HAB,PT,,6.8,6.75,6.22,5.81,4.79,4.16,5.62,4.41,4.23,3.91,2.45,0.4,0.0,55.550000000000004
9320,TOTAL,COL,KG_HAB,RO,,,2.37,2.06,1.62,1.66,1.15,1.04,1.3,1.9,1.06,0.18,0.05,,14.390000000000002
9321,TOTAL,COL,KG_HAB,SE,,14.06,16.45,14.69,14.94,18.39,17.71,18.69,17.21,16.53,16.28,17.0,14.32,5.4,201.67000000000002
9322,TOTAL,COL,KG_HAB,SI,,6.12,6.74,5.1,4.7,4.15,4.58,4.55,4.23,4.01,3.42,2.64,,,50.24
9323,TOTAL,COL,KG_HAB,SK,,5.48,5.2,4.31,4.19,4.17,4.19,4.37,4.07,4.12,3.6,2.7,1.6,0.67,48.67000000000001
9324,TOTAL,COL,KG_HAB,GB,,13.18,14.8,10.18,8.08,7.68,7.91,8.18,7.64,7.57,7.25,3.16,,,95.63
9490,TOTAL,MKT,KG_HAB,AT,,24.02,23.8,21.6,19.34,18.38,18.77,19.14,19.83,19.18,20.63,20.15,18.96,7.82,251.62
9491,TOTAL,MKT,KG_HAB,BE,,25.69,24.52,23.86,23.23,24.19,29.67,27.68,27.03,26.64,27.55,25.01,23.68,20.41,329.16
9492,TOTAL,MKT,KG_HAB,BG,,10.58,10.14,9.47,9.08,7.8,7.27,6.96,6.92,7.53,13.65,13.55,,,102.95
9493,TOTAL,MKT,KG_HAB,CY,,13.37,7.21,11.52,10.29,11.15,14.88,17.9,23.12,23.69,22.7,22.58,19.88,31.77,230.05999999999997
9494,TOTAL,MKT,KG_HAB,CZ,,19.21,17.74,17.26,17.04,17.3,16.06,17.37,15.85,17.41,20.13,19.62,,,194.99
9495,TOTAL,MKT,KG_HAB,DE,,25.18,23.78,23.23,21.16,19.95,22.09,20.8,21.16,20.27,22.94,19.6,22.3,,262.46
9496,TOTAL,MKT,KG_HAB,DK,,29.85,27.69,27.24,27.0,24.66,25.38,25.47,26.6,26.43,29.56,37.82,31.9,,339.59999999999997
9497,TOTAL,MKT,KG_HAB,EE,,12.56,12.09,11.79,11.52,10.6,11.37,10.74,9.91,8.4,12.72,13.37,13.6,,138.67
9498,TOTAL,MKT,KG_HAB,GR,,12.5,12.1,11.56,12.8,11.37,12.25,13.72,16.03,19.39,18.99,19.21,15.96,13.93,189.81000000000003
9499,TOTAL,MKT,KG_HAB,ES,,14.32,13.48,12.99,11.99,11.56,12.27,14.2,16.03,15.02,16.88,21.63,11.54,,171.91
9500,TOTAL,MKT,KG_HAB,EU27_2020,,20.45,18.9,18.09,17.03,16.48,17.3,17.36,17.95,17.12,20.19,20.0,,,200.87
9501,TOTAL,MKT,KG_HAB,EU28,,20.97,19.87,19.25,18.15,17.24,17.94,18.17,18.76,18.08,20.4,19.15,,,207.98000000000002
9502,TOTAL,MKT,KG_HAB,FI,,22.57,22.31,21.54,23.1,25.3,25.44,26.93,27.62,27.13,30.6,31.15,26.4,10.06,320.15
9503,TOTAL,MKT,KG_HAB,FR,,28.12,26.2,25.19,23.44,23.64,24.49,25.56,25.23,24.27,26.02,25.66,23.35,,301.17
9504,TOTAL,MKT,KG_HAB,HR,,13.17,12.01,10.62,9.25,9.38,9.25,10.65,,,,,,,74.33
9505,TOTAL,MKT,KG_HAB,HU,,13.65,11.78,10.57,9.43,8.08,8.49,11.97,12.42,12.65,13.46,12.97,13.48,12.82,151.76999999999998
9506,TOTAL,MKT,KG_HAB,IE,,22.56,20.29,18.37,20.03,18.39,18.47,21.63,21.13,21.31,25.6,32.18,,,239.96
9507,TOTAL,MKT,KG_HAB,IS,,47.33,22.96,36.81,28.25,24.92,23.46,24.5,22.25,18.52,,,,,249.0
9508,TOTAL,MKT,KG_HAB,IT,,,,15.02,14.54,14.06,15.0,16.74,18.85,16.48,23.66,23.92,,,158.27000000000004
9509,TOTAL,MKT,KG_HAB,LI,,12.37,13.91,11.42,8.27,7.85,3.81,4.35,,,,,,,61.97999999999999
9510,TOTAL,MKT,KG_HAB,LT,,11.87,11.19,10.69,10.75,9.31,9.48,8.5,7.75,7.46,13.32,14.84,15.23,14.6,144.98999999999998
9511,TOTAL,MKT,KG_HAB,LU,,21.38,20.34,20.66,21.68,21.68,23.33,32.85,33.57,26.65,24.03,26.25,16.81,16.54,305.77
9512,TOTAL,MKT,KG_HAB,LV,,11.85,9.56,9.68,9.2,8.86,8.27,7.65,7.29,7.3,13.03,16.51,,,109.2
9513,TOTAL,MKT,KG_HAB,MT,,23.91,22.48,29.7,39.44,34.2,32.18,33.55,34.48,33.28,24.43,23.22,24.9,24.4,380.16999999999996
9514,TOTAL,MKT,KG_HAB,NL,,24.37,21.82,20.23,18.97,18.21,19.38,,,,,,,,122.98
9515,TOTAL,MKT,KG_HAB,NO,,35.17,34.92,34.21,35.47,35.55,37.08,37.33,37.14,35.73,43.64,44.18,40.15,84.54,535.11
9516,TOTAL,MKT,KG_HAB,PL,,15.99,15.36,13.87,13.65,12.78,12.64,13.55,12.8,11.75,15.6,14.6,22.69,,175.28
9517,TOTAL,MKT,KG_HAB,PT,,15.34,13.33,12.59,11.72,11.66,11.13,12.38,14.86,16.0,16.46,16.99,11.71,16.9,181.07000000000002
9518,TOTAL,MKT,KG_HAB,RO,,,10.19,8.49,7.01,6.85,6.51,6.38,7.47,6.08,11.88,9.01,6.65,,86.52000000000001
9519,TOTAL,MKT,KG_HAB,SE,,27.71,26.1,26.22,24.54,25.28,23.02,24.51,24.78,23.52,25.39,31.24,24.96,9.41,316.68
9520,TOTAL,MKT,KG_HAB,SI,,16.18,17.09,15.22,14.75,13.83,13.76,14.41,13.88,13.63,16.61,17.51,13.58,,180.45000000000002
9521,TOTAL,MKT,KG_HAB,SK,,12.55,12.12,9.72,9.84,8.51,8.86,8.53,9.14,8.44,11.28,10.42,9.59,9.03,128.03
9522,TOTAL,MKT,KG_HAB,GB,,24.44,26.5,27.17,25.87,22.5,22.39,23.76,24.45,24.83,21.85,13.1,,,256.85999999999996
9556,TOTAL,RCV,KG_HAB,AT,,12.36,8.9,8.57,8.4,8.13,8.25,8.16,7.94,8.0,7.88,6.75,6.52,1.92,101.77999999999999
9557,TOTAL,RCV,KG_HAB,BE,,9.35,9.36,9.15,8.87,9.25,8.88,8.81,8.43,8.05,6.85,6.47,6.29,5.62,105.38
9558,TOTAL,RCV,KG_HAB,BG,,6.79,7.21,7.56,5.06,4.08,4.46,4.59,4.89,3.56,3.52,1.89,,,53.61000000000001
9559,TOTAL,RCV,KG_HAB,CY,,4.28,2.78,3.18,2.4,2.13,2.52,2.53,2.25,2.25,,,,,24.32
9560,TOTAL,RCV,KG_HAB,CZ,,8.97,9.27,5.94,4.8,4.72,4.12,4.65,4.68,4.55,3.46,2.53,,,57.69
9561,TOTAL,RCV,KG_HAB,DE,,9.82,9.19,7.98,8.52,8.52,8.12,8.39,9.0,9.48,7.83,6.65,8.29,,101.78999999999999
9562,TOTAL,RCV,KG_HAB,DK,,11.24,11.75,11.74,11.48,11.49,12.64,15.24,13.59,13.58,13.99,15.84,9.89,,152.47000000000003
9563,TOTAL,RCV,KG_HAB,EE,,6.57,6.21,5.14,4.2,2.5,3.71,3.87,4.05,3.41,3.75,3.85,,,47.26
9564,TOTAL,RCV,KG_HAB,GR,,4.37,4.6,4.06,3.5,3.16,3.04,3.47,4.1,5.03,3.52,2.19,0.85,0.02,41.91000000000001
9565,TOTAL,RCV,KG_HAB,ES,,5.44,5.02,4.07,3.21,4.11,3.07,2.79,2.5,2.21,6.08,5.68,2.76,,46.94
9566,TOTAL,RCV,KG_HAB,EU27_2020,,7.69,7.31,6.39,5.96,6.15,5.9,6.21,,,,,,,45.61
9567,TOTAL,RCV,KG_HAB,EU28,,8.22,8.03,6.68,6.1,,5.15,5.43,,,,,,,39.61
9568,TOTAL,RCV,KG_HAB,FI,,11.17,10.29,10.89,10.94,9.56,8.95,8.97,8.68,9.18,8.86,7.66,6.3,2.54,113.99000000000002
9569,TOTAL,RCV,KG_HAB,FR,,9.96,9.76,8.31,7.06,6.31,6.03,6.06,5.5,4.83,3.78,2.11,0.07,,69.77999999999999
9570,TOTAL,RCV,KG_HAB,HR,,8.43,8.98,5.23,3.59,3.53,3.61,0.0,,,,,,,33.37
9571,TOTAL,RCV,KG_HAB,HU,,5.54,5.14,4.71,4.67,4.46,3.69,3.31,3.52,3.98,3.75,2.86,1.85,1.22,48.699999999999996
9572,TOTAL,RCV,KG_HAB,IE,,9.88,10.42,9.69,8.31,8.0,7.61,7.17,7.97,8.23,9.18,9.8,,,96.26
9573,TOTAL,RCV,KG_HAB,IS,,15.81,10.59,10.53,8.41,5.6,6.71,5.19,4.05,2.45,,,,,69.34
9574,TOTAL,RCV,KG_HAB,IT,,,,5.01,4.41,6.47,6.75,8.6,8.86,8.1,8.25,7.16,,,63.61
9575,TOTAL,RCV,KG_HAB,LI,,9.03,10.16,8.34,6.2,5.89,2.86,3.26,1.7,1.72,1.39,1.44,,,51.99
9576,TOTAL,RCV,KG_HAB,LT,,4.15,3.98,4.87,6.18,4.16,3.72,2.97,2.25,1.91,2.71,2.55,2.01,0.59,42.05
9577,TOTAL,RCV,KG_HAB,LU,,9.7,9.96,9.62,9.27,8.91,8.78,8.82,8.58,8.61,7.46,7.72,7.45,,104.88
9578,TOTAL,RCV,KG_HAB,LV,,3.89,2.19,2.03,2.23,2.17,1.93,1.84,1.73,1.91,2.09,2.03,,,24.040000000000003
9579,TOTAL,RCV,KG_HAB,MT,,4.55,5.55,2.9,4.38,4.01,2.69,4.67,2.12,1.64,0.0,0.0,0.0,0.0,32.51
9580,TOTAL,RCV,KG_HAB,NL,,9.31,8.7,8.21,8.12,6.68,7.04,7.41,7.29,5.89,5.7,5.39,5.06,4.76,89.56
9581,TOTAL,RCV,KG_HAB,NO,,16.93,18.72,18.81,19.61,19.33,19.58,20.69,19.83,20.71,21.03,20.24,18.57,22.83,256.88
9582,TOTAL,RCV,KG_HAB,PL,,5.39,5.06,3.69,3.38,3.44,3.54,3.41,2.33,2.36,0.6,0.44,0.89,,34.53
9583,TOTAL,RCV,KG_HAB,PT,,6.18,6.15,5.59,4.99,4.53,3.66,4.87,3.84,3.67,3.34,2.28,0.36,0.0,49.46000000000001
9584,TOTAL,RCV,KG_HAB,RO,,,2.03,1.52,1.47,1.5,1.01,0.93,1.17,1.61,0.32,0.03,0.0,,11.59
9585,TOTAL,RCV,KG_HAB,SE,,12.91,15.09,13.46,13.78,16.89,16.26,17.09,15.81,15.21,14.7,15.22,13.4,5.05,184.87000000000003
9586,TOTAL,RCV,KG_HAB,SI,,6.11,5.68,4.52,4.38,2.23,3.98,3.65,3.44,3.24,,,,,37.23
9587,TOTAL,RCV,KG_HAB,SK,,4.99,4.76,3.96,3.87,3.68,3.75,3.86,3.59,3.37,3.12,2.31,1.42,0.57,43.24999999999999
9588,TOTAL,RCV,KG_HAB,GB,,11.8,12.91,8.66,7.07,,0.0,0.0,,5.97,5.64,2.52,,,54.57000000000001
9655,TOTAL,RCY_REU,KG_HAB,AT,,10.62,7.94,7.53,7.24,7.16,7.34,7.33,7.1,7.16,7.16,6.12,6.02,1.71,90.42999999999999
9656,TOTAL,RCY_REU,KG_HAB,BE,,8.19,8.17,8.14,7.97,8.54,8.22,8.1,7.77,7.44,6.41,6.15,5.54,4.8,95.44
9657,TOTAL,RCY_REU,KG_HAB,BG,,6.45,7.03,7.4,4.97,4.04,4.42,4.53,4.77,3.43,3.51,1.87,,,52.419999999999995
9658,TOTAL,RCY_REU,KG_HAB,CY,,4.28,2.78,3.18,2.4,2.13,2.52,2.53,2.25,2.25,,,,,24.32
9659,TOTAL,RCY_REU,KG_HAB,CZ,,8.75,9.12,5.81,4.76,4.7,4.12,4.59,4.39,4.17,3.3,2.45,,,56.160000000000004
9660,TOTAL,RCY_REU,KG_HAB,DE,,8.68,8.24,7.01,7.52,7.48,7.17,7.42,7.86,8.16,6.81,5.77,7.28,,89.39999999999999
9661,TOTAL,RCY_REU,KG_HAB,DK,,10.38,10.74,10.73,10.52,10.6,11.5,13.92,12.49,12.62,12.77,14.67,8.85,,139.79
9662,TOTAL,RCY_REU,KG_HAB,EE,,5.97,5.86,4.9,3.92,2.33,3.32,3.46,3.5,2.98,3.75,3.85,,,43.839999999999996
9663,TOTAL,RCY_REU,KG_HAB,GR,,4.09,4.26,4.06,3.5,3.16,3.04,3.47,4.1,5.03,3.52,2.19,0.85,0.02,41.290000000000006
9664,TOTAL,RCY_REU,KG_HAB,ES,,5.12,4.72,3.76,3.06,3.68,2.85,2.64,2.29,1.94,5.14,4.83,2.5,,42.53
9665,TOTAL,RCY_REU,KG_HAB,EU27_2020,,7.07,6.73,5.87,5.47,5.68,5.48,5.84,5.65,,,,,,47.79
9666,TOTAL,RCY_REU,KG_HAB,EU28,,7.55,7.42,6.17,5.61,5.59,5.42,5.74,5.55,,,,,,49.05
9667,TOTAL,RCY_REU,KG_HAB,FI,,10.69,9.75,10.56,10.62,9.36,8.75,8.68,8.39,8.67,8.47,7.27,5.94,2.52,109.66999999999999
9668,TOTAL,RCY_REU,KG_HAB,FR,,9.09,8.86,7.6,6.37,5.74,5.52,5.62,5.18,4.5,3.56,1.96,0.06,,64.06
9669,TOTAL,RCY_REU,KG_HAB,HR,,8.4,8.95,5.22,3.5,3.44,3.5,,,,,,,,33.01
9670,TOTAL,RCY_REU,KG_HAB,HU,,5.44,5.01,4.41,4.56,4.41,3.64,3.26,3.34,3.89,3.67,2.78,1.83,1.21,47.449999999999996
9671,TOTAL,RCY_REU,KG_HAB,IE,,9.12,9.19,8.6,8.07,7.68,7.47,7.11,7.83,8.1,8.77,9.8,,,91.73999999999998
9672,TOTAL,RCY_REU,KG_HAB,IS,,15.7,10.59,10.53,7.73,4.86,5.7,4.32,3.33,2.15,,,,,64.91
9673,TOTAL,RCY_REU,KG_HAB,IT,,,,4.86,4.26,6.38,6.68,8.54,8.47,7.7,6.49,5.58,,,58.96
9674,TOTAL,RCY_REU,KG_HAB,LI,,9.03,10.16,8.34,6.2,5.89,2.86,3.26,1.7,1.72,1.39,1.44,,,51.99
9675,TOTAL,RCY_REU,KG_HAB,LT,,3.86,3.74,4.52,5.73,3.79,3.28,2.75,2.09,1.7,2.28,2.25,1.8,0.34,38.129999999999995
9676,TOTAL,RCY_REU,KG_HAB,LU,,9.07,9.3,9.0,8.73,8.34,8.19,8.27,8.15,8.21,7.04,7.33,7.21,,98.84000000000002
9677,TOTAL,RCY_REU,KG_HAB,LV,,3.89,2.19,2.03,2.23,2.17,1.93,1.84,1.73,1.91,2.09,2.03,,,24.040000000000003
9678,TOTAL,RCY_REU,KG_HAB,MT,,4.55,5.55,2.9,4.12,3.9,2.57,4.61,2.09,1.64,0.0,0.0,0.0,0.0,31.93
9679,TOTAL,RCY_REU,KG_HAB,NL,,8.14,7.34,7.03,6.93,5.81,6.12,6.48,6.16,5.17,5.09,4.74,4.49,4.16,77.66
9680,TOTAL,RCY_REU,KG_HAB,NO,,16.14,16.74,16.77,16.71,16.68,16.48,18.12,17.97,18.96,19.42,18.97,17.47,21.23,231.66
9681,TOTAL,RCY_REU,KG_HAB,PL,,5.37,5.04,3.66,3.35,3.41,3.51,3.39,2.31,2.3,0.58,0.4,0.21,,33.529999999999994
9682,TOTAL,RCY_REU,KG_HAB,PT,,5.5,5.54,4.85,4.47,4.14,3.6,4.66,3.75,3.6,3.31,2.25,0.36,0.0,46.03
9683,TOTAL,RCY_REU,KG_HAB,RO,,,1.75,1.36,1.41,1.44,0.97,0.89,1.1,1.51,0.27,0.02,,,10.719999999999999
9684,TOTAL,RCY_REU,KG_HAB,SE,,11.74,13.72,12.29,12.57,15.4,14.93,15.63,14.45,13.89,13.44,13.92,13.51,5.1,170.58999999999997
9685,TOTAL,RCY_REU,KG_HAB,SI,,5.32,5.11,4.4,3.84,2.12,3.65,3.42,3.32,2.71,,,,,33.89
9686,TOTAL,RCY_REU,KG_HAB,SK,,4.86,4.65,3.74,3.8,3.55,3.68,3.79,3.54,3.33,3.08,2.27,1.34,0.48,42.11
9687,TOTAL,RCY_REU,KG_HAB,GB,,10.82,12.08,8.24,6.51,,,,,5.88,5.51,2.46,,,51.5
9754,TOTAL,REU,KG_HAB,AT,,1.11,0.2,0.2,0.15,0.16,0.15,0.11,0.15,0.11,0.15,0.1,0.12,0.05,2.76
9755,TOTAL,REU,KG_HAB,BE,,0.0,0.0,0.31,0.35,0.5,0.37,0.39,0.5,0.26,0.21,0.21,0.19,0.12,3.4099999999999997
9756,TOTAL,REU,KG_HAB,BG,,0.0,0.0,0.0,,0.02,0.04,0.01,0.0,0.0,,,,,0.07
9757,TOTAL,REU,KG_HAB,CY,,0.21,0.29,0.21,0.12,0.11,0.05,0.08,0.03,0.01,,,,,1.1099999999999999
9758,TOTAL,REU,KG_HAB,CZ,,0.0,0.0,0.0,,,0.0,0.0,,,,,,,0.0
9759,TOTAL,REU,KG_HAB,DE,,0.29,0.13,0.05,0.19,0.17,0.15,0.13,0.11,0.13,0.11,0.08,0.15,,1.6900000000000002
9760,TOTAL,REU,KG_HAB,DK,,0.06,0.06,0.03,0.04,0.04,0.0,0.0,,,,,,,0.22999999999999998
9761,TOTAL,REU,KG_HAB,EE,,0.0,0.0,0.0,,0.0,0.0,0.0,,,,,,,0.0
9762,TOTAL,REU,KG_HAB,GR,,0.0,0.0,0.0,,,0.0,0.0,0.0,0.0,0.0,0.0,0.0,0.0,0.0
9763,TOTAL,REU,KG_HAB,ES,,0.0,0.0,0.0,0.03,,0.01,0.03,0.02,0.02,,,,,0.11000000000000001
9764,TOTAL,REU,KG_HAB,EU27_2020,,0.11,0.06,0.05,,,,,,,,,,,0.22
9765,TOTAL,REU,KG_HAB,EU28,,0.12,0.09,0.08,,,,,,,,,,,0.29
9766,TOTAL,REU,KG_HAB,FI,,0.5,0.28,0.16,0.13,0.18,0.1,0.04,0.03,0.04,0.07,0.06,0.07,0.01,1.6700000000000004
9767,TOTAL,REU,KG_HAB,FR,,0.12,0.14,0.13,0.13,0.13,0.15,0.21,0.18,0.22,0.12,0.12,0.06,,1.71
9768,TOTAL,REU,KG_HAB,HR,,0.0,0.0,0.0,0.0,,0.0,0.0,,,,,,,0.0
9769,TOTAL,REU,KG_HAB,HU,,0.0,0.0,0.0,,,0.0,0.0,0.01,,,,,,0.01
9770,TOTAL,REU,KG_HAB,IE,,0.2,0.0,0.14,0.08,0.12,0.08,0.12,0.07,0.14,0.09,,,,1.04
9771,TOTAL,REU,KG_HAB,IS,,0.0,0.0,0.0,,0.0,,,0.01,0.0,,,,,0.01
9772,TOTAL,REU,KG_HAB,IT,,,,0.0,,,,,,,,,,,0.0
9773,TOTAL,REU,KG_HAB,LI,,0.0,0.0,0.0,,,0.0,0.0,0.0,0.0,0.0,0.0,,,0.0
9774,TOTAL,REU,KG_HAB,LT,,0.0,0.0,0.0,,,0.0,0.0,,,,,,,0.0
9775,TOTAL,REU,KG_HAB,LU,,0.0,0.0,0.0,0.0,,0.0,0.0,,,,,,,0.0
9776,TOTAL,REU,KG_HAB,LV,,0.0,0.0,0.0,0.03,0.03,0.02,0.08,0.0,0.11,0.07,0.06,,,0.4
9777,TOTAL,REU,KG_HAB,MT,,0.0,0.0,0.0,,,0.0,0.0,0.0,0.0,0.0,0.0,0.0,0.0,0.0
9778,TOTAL,REU,KG_HAB,NL,,0.0,0.0,0.0,0.0,0.06,0.03,0.1,0.0,0.07,0.0,0.01,0.01,0.02,0.30000000000000004
9779,TOTAL,REU,KG_HAB,NO,,0.3,0.31,0.43,0.21,,0.16,0.28,0.1,0.21,0.28,0.22,0.36,0.27,3.1300000000000003
9780,TOTAL,REU,KG_HAB,PL,,0.03,0.02,0.02,0.02,0.03,0.02,0.02,0.01,0.02,0.0,0.0,0.0,,0.19
9781,TOTAL,REU,KG_HAB,PT,,0.03,0.0,0.0,0.0,0.0,0.0,0.0,0.0,0.0,0.02,0.0,,,0.05
9782,TOTAL,REU,KG_HAB,RO,,,0.0,0.0,,,0.0,0.0,,,,,,,0.0
9783,TOTAL,REU,KG_HAB,SE,,0.01,0.01,0.03,0.05,0.03,0.0,0.0,0.02,0.02,,,0.0,0.0,0.16999999999999998
9784,TOTAL,REU,KG_HAB,SI,,0.0,0.0,0.0,,,0.01,0.02,,,,,,,0.03
9785,TOTAL,REU,KG_HAB,SK,,0.0,0.0,0.0,,,0.0,0.0,0.07,0.0,0.0,0.0,0.0,0.0,0.07
9786,TOTAL,REU,KG_HAB,GB,,0.24,0.34,0.31,0.37,0.42,0.65,0.78,0.62,0.41,0.35,0.12,,,4.61
